filename,width,height,class,xmin,ymin,xmax,ymax
female.jpg,1500,2000,Female,437,584,1061,1412
female1.jpg,1500,2000,Female,431,616,1066,1441
female10.jpg,1500,2000,Female,425,666,1031,1470
female100.jpg,1280,720,Female,268,119,1054,693
female1000.jpg,1280,720,Female,95,54,901,663
female1001.jpg,1280,720,Female,180,18,973,628
female1002.jpg,1280,720,Female,342,117,1097,680
female1003.jpg,1280,720,Female,257,94,1008,659
female1004.jpg,1280,720,Female,183,76,941,642
female1005.jpg,1280,720,Female,300,108,1046,671
female1006.jpg,1500,2000,Female,465,630,1115,1471
female1007.jpg,1500,2000,Female,453,568,1097,1404
female1008.jpg,1500,2000,Female,429,601,1064,1431
female1009.jpg,1500,2000,Female,493,608,1133,1427
female101.jpg,1280,720,Female,318,95,1104,664
female1010.jpg,1500,2000,Female,461,612,1099,1424
female1011.jpg,1500,2000,Female,437,624,1059,1402
female1012.jpg,1500,2000,Female,457,588,1087,1390
female1013.jpg,1500,2000,Female,425,590,1069,1414
female1014.jpg,1500,2000,Female,447,612,1077,1418
female1015.jpg,1500,2000,Female,441,602,1059,1388
female1016.jpg,1500,2000,Female,409,620,1035,1412
female1017.jpg,1500,2000,Female,463,626,1090,1417
female1018.jpg,1280,720,Female,299,46,1069,628
female1019.jpg,1280,720,Female,297,61,1056,652
female102.jpg,1500,2000,Female,479,552,1071,1360
female1020.jpg,1280,720,Female,275,39,1027,624
female1021.jpg,1280,720,Female,254,42,1017,629
female1022.jpg,1280,720,Female,264,52,1062,671
female1023.jpg,1280,720,Female,390,50,1183,667
female1024.jpg,1280,720,Female,189,29,969,654
female1025.jpg,1280,720,Female,147,42,933,662
female1026.jpg,1280,720,Female,215,73,1011,692
female1027.jpg,1280,720,Female,186,73,991,691
female1028.jpg,1280,720,Female,167,89,967,704
female1029.jpg,1280,720,Female,210,89,1004,715
female103.jpg,1500,2000,Female,453,566,1045,1378
female1030.jpg,1500,2000,Female,467,592,1009,1350
female1031.jpg,1500,2000,Female,477,672,1029,1438
female1032.jpg,1500,2000,Female,505,604,1055,1366
female1033.jpg,1500,2000,Female,445,672,999,1440
female1034.jpg,1500,2000,Female,519,596,1099,1412
female1035.jpg,1500,2000,Female,491,630,1059,1436
female1036.jpg,1500,2000,Female,509,626,1093,1436
female1037.jpg,1500,2000,Female,469,636,1067,1456
female1038.jpg,1500,2000,Female,495,576,1051,1350
female1039.jpg,1500,2000,Female,449,678,1007,1452
female104.jpg,1500,2000,Female,441,584,1031,1380
female1040.jpg,1500,2000,Female,453,670,1017,1448
female1041.jpg,1500,2000,Female,477,642,1035,1420
female1042.jpg,1280,720,Female,377,37,1116,567
female1043.jpg,1280,720,Female,331,68,1073,589
female1044.jpg,1280,720,Female,333,39,1082,559
female1045.jpg,1280,720,Female,369,38,1116,560
female1046.jpg,1280,720,Female,276,28,1123,630
female1047.jpg,1280,720,Female,279,23,1121,628
female1048.jpg,1280,720,Female,258,45,1075,630
female1049.jpg,1280,720,Female,225,56,1050,636
female105.jpg,1500,2000,Female,455,556,1047,1364
female1050.jpg,1280,720,Female,334,123,1108,663
female1051.jpg,1280,720,Female,278,107,1044,645
female1052.jpg,1280,720,Female,303,101,1056,638
female1053.jpg,1280,720,Female,294,99,1044,633
female1054.jpg,1500,2000,Female,417,642,1093,1538
female1055.jpg,1500,2000,Female,391,590,1079,1496
female1056.jpg,1500,2000,Female,425,572,1093,1468
female1057.jpg,1500,2000,Female,411,532,1099,1438
female1058.jpg,1500,2000,Female,427,578,1043,1402
female1059.jpg,1500,2000,Female,427,568,1051,1388
female106.jpg,1500,2000,Female,427,492,1063,1372
female1060.jpg,1500,2000,Female,423,518,1055,1362
female1061.jpg,1500,2000,Female,431,544,1061,1385
female1062.jpg,1500,2000,Female,397,526,1074,1422
female1063.jpg,1500,2000,Female,427,506,1097,1394
female1064.jpg,1500,2000,Female,441,456,1131,1368
female1065.jpg,1500,2000,Female,377,504,1049,1389
female1066.jpg,1280,720,Female,208,95,963,671
female1067.jpg,1280,720,Female,109,64,882,650
female1068.jpg,1280,720,Female,194,114,954,693
female1069.jpg,1280,720,Female,196,103,954,670
female107.jpg,1500,2000,Female,467,540,1089,1371
female1070.jpg,1280,720,Female,335,85,1130,684
female1071.jpg,1280,720,Female,344,63,1130,655
female1072.jpg,1280,720,Female,326,44,1114,643
female1073.jpg,1280,720,Female,344,41,1148,652
female1074.jpg,1280,720,Female,365,47,1127,616
female1075.jpg,1280,720,Female,416,49,1178,622
female1076.jpg,1280,720,Female,241,42,1009,624
female1077.jpg,1280,720,Female,310,106,1078,679
female1078.jpg,1500,2000,Female,469,622,1055,1394
female1079.jpg,1500,2000,Female,419,648,1015,1430
female108.jpg,1500,2000,Female,467,562,1083,1392
female1080.jpg,1500,2000,Female,453,618,1049,1402
female1081.jpg,1500,2000,Female,437,628,1037,1406
female1082.jpg,1500,2000,Female,411,598,1037,1414
female1083.jpg,1500,2000,Female,439,594,1077,1418
female1084.jpg,1500,2000,Female,465,616,1107,1448
female1085.jpg,1500,2000,Female,433,644,1087,1496
female1086.jpg,1500,2000,Female,431,614,1027,1392
female1087.jpg,1500,2000,Female,467,662,1045,1418
female1088.jpg,1500,2000,Female,449,654,1043,1424
female1089.jpg,1500,2000,Female,489,612,1072,1364
female109.jpg,1500,2000,Female,505,534,1111,1362
female1090.jpg,1280,720,Female,354,90,1111,667
female1091.jpg,1280,720,Female,303,70,1059,649
female1092.jpg,1280,720,Female,252,46,1015,632
female1094.jpg,1280,720,Female,180,40,959,625
female1095.jpg,1280,720,Female,408,50,1202,664
female1096.jpg,1280,720,Female,414,58,1199,656
female1097.jpg,1280,720,Female,372,100,1156,706
female1098.jpg,1280,720,Female,199,65,983,673
female1099.jpg,1280,720,Female,194,116,949,692
female11.jpg,1500,2000,Female,457,657,1071,1465
female110.jpg,1500,2000,Female,418,560,1018,1377
female1101.jpg,1280,720,Female,262,85,1009,667
female1102.jpg,1280,720,Female,303,95,1051,668
female1103.jpg,1280,720,Female,298,108,1039,685
female1104.jpg,1500,2000,Female,412,611,1124,1450
female1105.jpg,1500,2000,Female,402,577,1104,1419
female1106.jpg,1500,2000,Female,388,573,1096,1424
female1107.jpg,1500,2000,Female,404,617,1129,1483
female1108.jpg,1500,2000,Female,461,613,1131,1424
female1109.jpg,1500,2000,Female,445,617,1120,1438
female111.jpg,1500,2000,Female,463,530,1063,1346
female1110.jpg,1500,2000,Female,431,619,1126,1446
female1111.jpg,1500,2000,Female,449,636,1122,1434
female1112.jpg,1500,2000,Female,449,628,1108,1422
female1113.jpg,1500,2000,Female,443,634,1088,1411
female1114.jpg,1500,2000,Female,426,640,1075,1426
female1115.jpg,1500,2000,Female,451,605,1104,1395
female1116.jpg,1280,720,Female,239,103,903,660
female1117.jpg,1280,720,Female,156,55,831,606
female1118.jpg,1280,720,Female,256,52,928,614
female1119.jpg,1280,720,Female,220,79,890,627
female112.jpg,1500,2000,Female,453,519,1055,1340
female1120.jpg,1280,720,Female,331,96,1025,693
female1121.jpg,1280,720,Female,310,79,1005,656
female1122.jpg,1280,720,Female,330,83,1020,669
female1123.jpg,1280,720,Female,257,57,955,646
female1124.jpg,1280,720,Female,398,44,1160,669
female1125.jpg,1280,720,Female,414,59,1170,681
female1126.jpg,1280,720,Female,420,59,1185,695
female1127.jpg,1280,720,Female,208,13,976,662
female1128.jpg,1500,2000,Female,435,552,1057,1432
female1129.jpg,1500,2000,Female,480,579,1108,1473
female113.jpg,1500,2000,Female,418,491,1069,1373
female1130.jpg,1500,2000,Female,469,603,1100,1497
female1131.jpg,1500,2000,Female,471,585,1104,1487
female1132.jpg,1500,2000,Female,535,579,1175,1495
female1133.jpg,1500,2000,Female,422,568,1010,1405
female1134.jpg,1500,2000,Female,410,642,1004,1483
female1135.jpg,1500,2000,Female,478,613,1059,1450
female1136.jpg,1500,2000,Female,461,611,1059,1450
female1137.jpg,1500,2000,Female,406,560,1018,1430
female1138.jpg,1500,2000,Female,469,603,1069,1454
female1139.jpg,1500,2000,Female,457,571,1080,1460
female114.jpg,1280,720,Female,285,65,1034,617
female1140.jpg,1500,2000,Female,488,524,1012,1230
female1141.jpg,1280,720,Female,171,110,983,676
female1142.jpg,1280,720,Female,154,127,969,699
female1143.jpg,1280,720,Female,125,115,940,682
female1144.jpg,1280,720,Female,119,125,937,691
female1145.jpg,1280,720,Female,294,73,1119,664
female1146.jpg,1280,720,Female,258,54,1101,652
female1147.jpg,1280,720,Female,181,67,1030,665
female1148.jpg,1280,720,Female,181,78,1037,683
female1149.jpg,1280,720,Female,215,65,1047,654
female115.jpg,1280,720,Female,283,80,1028,620
female1150.jpg,1280,720,Female,242,51,1076,637
female1151.jpg,1280,720,Female,161,73,987,665
female1152.jpg,1280,720,Female,174,74,1007,663
female1153.jpg,1500,2000,Female,482,652,1063,1466
female1154.jpg,1500,2000,Female,424,662,1008,1475
female1155-b.jpg,1500,2000,Female,414,615,998,1442
female1155.jpg,1500,2000,Female,424,607,1020,1454
female1156.jpg,1500,2000,Female,451,577,1037,1368
female1157.jpg,1500,2000,Female,449,568,1031,1360
female1158.jpg,1500,2000,Female,471,605,1049,1399
female1159.jpg,1500,2000,Female,420,556,1053,1419
female116.jpg,1280,720,Female,238,81,992,622
female1160.jpg,1500,2000,Female,514,595,1118,1438
female1161.jpg,1500,2000,Female,478,579,1090,1442
female1162.jpg,1500,2000,Female,433,632,1037,1471
female1163.jpg,1500,2000,Female,449,603,1029,1415
female1164.jpg,1280,720,Female,272,119,1070,687
female1165.jpg,1280,720,Female,195,92,996,659
female1166.jpg,1280,720,Female,134,49,958,625
female1167.jpg,1280,720,Female,109,80,924,650
female1168.jpg,1280,720,Female,231,69,1019,637
female1169.jpg,1280,720,Female,265,40,1064,619
female117.jpg,1280,720,Female,273,116,1024,655
female1170.jpg,1280,720,Female,236,102,1036,673
female1171.jpg,1280,720,Female,223,48,1040,639
female1172.jpg,1280,720,Female,293,71,1099,648
female1173.jpg,1280,720,Female,264,74,1054,648
female1174.jpg,1280,720,Female,147,129,952,701
female1175.jpg,1280,720,Female,176,97,986,678
female1176.jpg,1500,2000,Female,439,613,1055,1440
female1177.jpg,1500,2000,Female,471,591,1098,1426
female1178.jpg,1500,2000,Female,449,615,1084,1462
female1179.jpg,1500,2000,Female,426,611,1049,1446
female118.jpg,1280,720,Female,204,30,982,619
female1180.jpg,1500,2000,Female,441,581,1080,1422
female1181.jpg,1500,2000,Female,424,583,1029,1379
female1182.jpg,1500,2000,Female,429,552,1053,1377
female1183.jpg,1500,2000,Female,447,591,1067,1405
female1184.jpg,1500,2000,Female,449,579,1110,1464
female1185.jpg,1500,2000,Female,410,615,1043,1468
female1186.jpg,1500,2000,Female,414,581,1069,1454
female1187.jpg,1500,2000,Female,506,583,1131,1424
female1188.jpg,1280,720,Female,186,40,953,606
female1189.jpg,1280,720,Female,195,16,969,586
female119.jpg,1280,720,Female,63,73,858,666
female1190.jpg,1280,720,Female,183,18,953,583
female1191.jpg,1280,720,Female,135,48,914,611
female1192.jpg,1280,720,Female,194,77,990,677
female1193.jpg,1280,720,Female,209,69,1008,675
female1194.jpg,1280,720,Female,223,60,1013,659
female1195.jpg,1280,720,Female,87,35,898,641
female1196.jpg,1280,720,Female,191,39,1021,660
female1197.jpg,1280,720,Female,148,53,986,676
female1198.jpg,1280,720,Female,167,81,999,698
female1199.jpg,1280,720,Female,127,55,969,684
female12.jpg,1500,2000,Female,445,628,1049,1426
female120.jpg,1280,720,Female,139,53,936,644
female1200.jpg,1500,2000,Female,478,642,1098,1462
female1201.jpg,1500,2000,Female,453,607,1071,1438
female1202.jpg,1500,2000,Female,473,638,1086,1456
female1203.jpg,1500,2000,Female,461,603,1112,1454
female1204.jpg,1500,2000,Female,449,585,1092,1419
female1205.jpg,1500,2000,Female,424,581,1092,1444
female1206.jpg,1500,2000,Female,396,552,1092,1436
female1207.jpg,1500,2000,Female,416,587,1096,1481
female1208.jpg,1500,2000,Female,386,579,1037,1446
female1209.jpg,1500,2000,Female,347,622,1004,1483
female121.jpg,1280,720,Female,190,71,981,669
female1210.jpg,1500,2000,Female,318,630,980,1497
female1211.jpg,1500,2000,Female,333,613,994,1483
female1212.jpg,1280,720,Female,203,35,1075,687
female1213.jpg,1280,720,Female,258,22,1127,671
female1214.jpg,1280,720,Female,261,19,1129,660
female1215.jpg,1280,720,Female,219,22,1119,693
female1216.jpg,1280,720,Female,258,61,1056,674
female1217.jpg,1280,720,Female,282,45,1084,654
female1218.jpg,1280,720,Female,281,47,1086,658
female1219.jpg,1280,720,Female,281,43,1087,662
female122.jpg,1280,720,Female,240,62,969,613
female1220.jpg,1280,720,Female,217,78,1042,709
female1221.jpg,1280,720,Female,186,57,1024,697
female1222.jpg,1280,720,Female,188,49,1038,694
female1223.jpg,1280,720,Female,187,52,1031,698
female1224.jpg,1500,2000,Female,484,605,1088,1395
female1225.jpg,1500,2000,Female,482,664,1098,1468
female1226.jpg,1500,2000,Female,471,660,1094,1473
female1227.jpg,1500,2000,Female,484,664,1098,1466
female1228.jpg,1500,2000,Female,467,630,1065,1403
female1229.jpg,1500,2000,Female,447,619,1067,1415
female123.jpg,1280,720,Female,269,115,999,660
female1230.jpg,1500,2000,Female,453,675,1047,1434
female1231.jpg,1500,2000,Female,449,679,1045,1448
female1232.jpg,1500,2000,Female,480,664,1053,1403
female1233.jpg,1500,2000,Female,484,668,1043,1397
female1234.jpg,1500,2000,Female,510,662,1067,1387
female1235.jpg,1500,2000,Female,500,652,1090,1432
female1236.jpg,1280,720,Female,236,149,932,686
female1237.jpg,1280,720,Female,221,137,908,678
female1238.jpg,1280,720,Female,218,140,902,674
female1239.jpg,1280,720,Female,224,139,906,673
female124.jpg,1280,720,Female,214,127,945,659
female1240.jpg,1280,720,Female,271,70,1036,668
female1241.jpg,1280,720,Female,281,87,1031,675
female1242.jpg,1280,720,Female,252,60,988,639
female1243.jpg,1280,720,Female,206,48,961,644
female1244.jpg,1280,720,Female,257,113,1011,701
female1245.jpg,1280,720,Female,299,74,1058,669
female1246.jpg,1280,720,Female,302,77,1058,669
female1247.jpg,1280,720,Female,275,84,1035,677
female1248.jpg,1500,2000,Female,484,571,1057,1330
female1249.jpg,1500,2000,Female,498,568,1073,1336
female125.jpg,1280,720,Female,190,144,922,685
female1250.jpg,1500,2000,Female,475,599,1053,1362
female1251.jpg,1500,2000,Female,473,609,1055,1364
female1252.jpg,1500,2000,Female,443,644,1026,1417
female1253.jpg,1500,2000,Female,426,671,1012,1448
female1254.jpg,1500,2000,Female,484,683,1051,1446
female1255.jpg,1500,2000,Female,465,711,1051,1477
female1256.jpg,1500,2000,Female,473,622,1071,1426
female1257.jpg,1500,2000,Female,467,597,1090,1422
female1258.jpg,1500,2000,Female,473,603,1088,1403
female1259.jpg,1500,2000,Female,478,609,1088,1399
female126.jpg,1500,2000,Female,439,622,1010,1403
female1260.jpg,1280,720,Female,376,134,1093,658
female1261.jpg,1280,720,Female,383,124,1089,648
female1262.jpg,1280,720,Female,385,123,1086,640
female1263.jpg,1280,720,Female,380,125,1092,654
female1264.jpg,1280,720,Female,498,136,1137,630
female1265.jpg,1280,720,Female,497,135,1132,628
female1266.jpg,1280,720,Female,492,133,1137,629
female1267.jpg,1280,720,Female,474,126,1125,627
female1268.jpg,1280,720,Female,148,148,874,705
female1269.jpg,1280,720,Female,144,144,869,698
female127.jpg,1500,2000,Female,463,654,1049,1442
female1270.jpg,1280,720,Female,153,154,873,700
female1271.jpg,1280,720,Female,216,113,941,677
female1272.jpg,1500,2000,Female,478,640,1073,1407
female1273.jpg,1500,2000,Female,459,632,1067,1399
female1274.jpg,1500,2000,Female,422,646,1031,1428
female1275.jpg,1500,2000,Female,382,654,998,1436
female1276.jpg,1500,2000,Female,490,605,1104,1387
female1277.jpg,1500,2000,Female,484,613,1098,1395
female1278.jpg,1500,2000,Female,496,595,1104,1377
female1279.jpg,1500,2000,Female,475,544,1082,1334
female128.jpg,1500,2000,Female,455,619,1053,1424
female1280.jpg,1500,2000,Female,437,522,1098,1371
female1281.jpg,1500,2000,Female,433,522,1090,1366
female1282.jpg,1500,2000,Female,455,511,1104,1352
female1283.jpg,1500,2000,Female,418,507,1055,1328
female1284.jpg,1280,720,Female,248,134,939,675
female1285.jpg,1280,720,Female,241,145,941,678
female1286.jpg,1280,720,Female,295,104,997,644
female1287.jpg,1280,720,Female,300,102,1002,638
female1288.jpg,1280,720,Female,253,1,1057,615
female1289.jpg,1280,720,Female,251,1,1061,625
female129.jpg,1500,2000,Female,451,619,1043,1432
female1290.jpg,1280,720,Female,239,83,1006,693
female1291.jpg,1280,720,Female,69,36,867,650
female1292.jpg,1280,720,Female,279,64,1031,655
female1293.jpg,1280,720,Female,241,67,1008,660
female1294.jpg,1280,720,Female,249,74,1011,673
female1295.jpg,1280,720,Female,253,61,1007,650
female1296.jpg,1500,2000,Female,445,589,1096,1444
female1297.jpg,1500,2000,Female,443,585,1098,1438
female1298.jpg,1500,2000,Female,469,593,1122,1448
female1299.jpg,1500,2000,Female,457,599,1124,1450
female13.jpg,1280,720,Female,198,31,1100,658
female130.jpg,1500,2000,Female,435,515,1069,1381
female1300.jpg,1500,2000,Female,433,597,1039,1391
female1301.jpg,1500,2000,Female,420,597,1031,1383
female1302.jpg,1500,2000,Female,424,601,1035,1385
female1303.jpg,1500,2000,Female,414,599,1024,1379
female1304.jpg,1500,2000,Female,441,642,1067,1444
female1305.jpg,1500,2000,Female,433,617,1102,1464
female1306.jpg,1500,2000,Female,418,617,1082,1460
female1307.jpg,1500,2000,Female,414,615,1071,1456
female1308.jpg,1280,720,Female,349,152,992,651
female1309.jpg,1280,720,Female,345,169,981,665
female131.jpg,1500,2000,Female,398,532,1033,1401
female1310.jpg,1280,720,Female,345,181,975,670
female1311.jpg,1280,720,Female,335,198,968,679
female1312.jpg,1280,720,Female,406,19,1128,584
female1313.jpg,1280,720,Female,279,52,966,603
female1314.jpg,1280,720,Female,266,55,957,603
female1315.jpg,1280,720,Female,233,131,915,667
female1316.jpg,1280,720,Female,311,105,976,623
female1317.jpg,1280,720,Female,307,32,1003,579
female1318.jpg,1280,720,Female,319,131,967,633
female1319.jpg,1280,720,Female,322,130,957,627
female132.jpg,1500,2000,Female,422,522,1071,1393
female1320.jpg,1500,2000,Female,420,646,1061,1442
female1321.jpg,1500,2000,Female,418,636,1088,1466
female1322.jpg,1500,2000,Female,412,634,1094,1483
female1323.jpg,1500,2000,Female,429,664,1067,1448
female1324.jpg,1500,2000,Female,365,552,1110,1483
female1325.jpg,1500,2000,Female,373,552,1120,1491
female1326.jpg,1500,2000,Female,361,562,1112,1491
female1327.jpg,1500,2000,Female,363,558,1116,1487
female1328.jpg,1500,2000,Female,416,607,1139,1511
female1329.jpg,1500,2000,Female,416,624,1110,1485
female133.jpg,1500,2000,Female,388,515,1049,1391
female1330.jpg,1500,2000,Female,390,599,1131,1517
female1331.jpg,1500,2000,Female,394,599,1133,1517
female1332.jpg,1280,720,Female,260,116,993,710
female1333.jpg,1280,720,Female,237,22,1028,665
female1334.jpg,1280,720,Female,242,68,1028,693
female1335.jpg,1280,720,Female,193,21,1038,702
female1336.jpg,1280,720,Female,260,81,1009,673
female1337.jpg,1280,720,Female,261,99,1000,689
female1338.jpg,1280,720,Female,255,116,993,704
female1339.jpg,1280,720,Female,193,29,997,669
female134.jpg,1500,2000,Female,447,534,1053,1352
female1340.jpg,1280,720,Female,314,49,1131,707
female1341.jpg,1280,720,Female,315,74,1125,714
female1342.jpg,1280,720,Female,329,70,1118,709
female1343.jpg,1280,720,Female,327,88,1115,716
female1344.jpg,1500,2000,Female,447,591,1067,1389
female1345.jpg,1500,2000,Female,455,589,1065,1371
female1346.jpg,1500,2000,Female,469,606,1053,1364
female1347.jpg,1500,2000,Female,449,599,1047,1364
female1348.jpg,1500,2000,Female,414,642,1053,1452
female1349.jpg,1500,2000,Female,418,640,1061,1458
female135.jpg,1500,2000,Female,349,540,969,1364
female1350.jpg,1500,2000,Female,402,646,1047,1466
female1351.jpg,1500,2000,Female,396,658,1029,1466
female1352.jpg,1500,2000,Female,484,638,1090,1424
female1353.jpg,1500,2000,Female,482,615,1129,1440
female1354.jpg,1500,2000,Female,447,650,1078,1477
female1355.jpg,1500,2000,Female,429,648,1065,1475
female1356.jpg,1280,720,Female,278,37,976,611
female1357.jpg,1280,720,Female,279,40,976,611
female1358.jpg,1280,720,Female,281,44,974,604
female1359.jpg,1280,720,Female,289,47,971,601
female136.jpg,1500,2000,Female,414,552,1031,1373
female1360.jpg,1280,720,Female,363,43,1097,626
female1361.jpg,1280,720,Female,363,47,1097,630
female1362.jpg,1280,720,Female,361,45,1094,625
female1363.jpg,1280,720,Female,360,38,1093,620
female1364.jpg,1280,720,Female,61,131,808,699
female1365.jpg,1280,720,Female,87,125,808,690
female1366.jpg,1280,720,Female,81,34,818,619
female1367.jpg,1280,720,Female,79,106,815,673
female1368.jpg,1500,2000,Female,492,658,1045,1417
female1369.jpg,1500,2000,Female,475,662,1033,1419
female137.jpg,1500,2000,Female,414,562,1024,1387
female1370.jpg,1500,2000,Female,465,658,1035,1419
female1371.jpg,1500,2000,Female,467,666,1010,1424
female1372.jpg,1500,2000,Female,441,652,1020,1440
female1373.jpg,1500,2000,Female,457,658,1035,1448
female1374.jpg,1500,2000,Female,447,664,1020,1460
female1375.jpg,1500,2000,Female,443,671,1016,1458
female1376.jpg,1500,2000,Female,461,662,1063,1471
female1377.jpg,1500,2000,Female,469,662,1065,1468
female1378.jpg,1500,2000,Female,449,668,1053,1485
female1379.jpg,1500,2000,Female,460,660,1066,1483
female138.jpg,1280,720,Female,324,93,1045,623
female1380.jpg,1280,720,Female,290,44,1021,609
female1381.jpg,1280,720,Female,297,60,1013,597
female1382.jpg,1280,720,Female,299,21,1004,543
female1383.jpg,1280,720,Female,295,28,1005,555
female1384.jpg,1280,720,Female,257,76,1040,660
female1385.jpg,1280,720,Female,262,74,1040,663
female1386.jpg,1280,720,Female,261,76,1044,661
female1387.jpg,1280,720,Female,258,76,1046,663
female1389.jpg,1280,720,Female,263,136,975,672
female139.jpg,1280,720,Female,302,86,1005,617
female1390.jpg,1280,720,Female,276,139,995,672
female1391.jpg,1280,720,Female,270,127,996,670
female1392.jpg,1280,720,Female,268,140,987,683
female1393.jpg,1500,2000,Female,445,579,1053,1352
female1394.jpg,1500,2000,Female,433,568,1043,1356
female1395.jpg,1500,2000,Female,431,568,1049,1342
female1396.jpg,1500,2000,Female,409,566,1021,1340
female1397.jpg,1500,2000,Female,469,615,1096,1403
female1398.jpg,1500,2000,Female,469,624,1088,1395
female1399.jpg,1500,2000,Female,475,619,1092,1395
female14.jpg,1280,720,Female,150,11,1043,645
female140.jpg,1280,720,Female,317,89,1025,626
female1400.jpg,1500,2000,Female,465,613,1094,1397
female1401.jpg,1500,2000,Female,343,489,1016,1348
female1402.jpg,1500,2000,Female,341,479,1020,1338
female1403.jpg,1500,2000,Female,369,483,1035,1334
female1404.jpg,1500,2000,Female,365,487,1029,1334
female1405.jpg,1280,720,Female,371,116,1073,672
female1406.jpg,1280,720,Female,374,117,1079,679
female1407.jpg,1280,720,Female,364,139,1057,686
female1408.jpg,1280,720,Female,380,178,1073,720
female1409.jpg,1280,720,Female,372,111,1040,644
female141.jpg,1280,720,Female,280,133,984,658
female1410.jpg,1280,720,Female,368,123,1031,654
female1411.jpg,1280,720,Female,368,123,1036,655
female1412.jpg,1280,720,Female,364,126,1035,660
female1413.jpg,1280,720,Female,172,87,914,685
female1414.jpg,1280,720,Female,170,114,908,699
female1415.jpg,1280,720,Female,164,116,899,711
female1416.jpg,1280,720,Female,259,90,998,681
female1417.jpg,1500,2000,Female,424,636,1067,1477
female1418.jpg,1500,2000,Female,429,638,1059,1475
female1419.jpg,1500,2000,Female,431,624,1082,1464
female142.jpg,1280,720,Female,297,104,1068,684
female1420.jpg,1500,2000,Female,435,617,1073,1462
female1421.jpg,1500,2000,Female,424,599,1061,1444
female1422.jpg,1500,2000,Female,433,591,1067,1436
female1423.jpg,1500,2000,Female,431,601,1061,1438
female1424.jpg,1500,2000,Female,431,603,1067,1432
female1425.jpg,1500,2000,Female,412,593,1033,1407
female1426.jpg,1500,2000,Female,408,599,1026,1407
female1427.jpg,1500,2000,Female,408,585,1022,1405
female1428.jpg,1500,2000,Female,406,587,1022,1407
female1429.jpg,1280,720,Female,197,134,866,652
female143.jpg,1280,720,Female,334,98,1110,688
female1430.jpg,1280,720,Female,196,135,871,675
female1431.jpg,1280,720,Female,192,132,864,663
female1432.jpg,1280,720,Female,196,129,868,661
female1433.jpg,1280,720,Female,176,43,946,650
female1434.jpg,1280,720,Female,169,38,947,645
female1435.jpg,1280,720,Female,168,37,947,652
female1436.jpg,1280,720,Female,214,68,1018,694
female1437.jpg,1280,720,Female,99,32,915,670
female1438.jpg,1280,720,Female,92,55,908,696
female1439.jpg,1280,720,Female,97,53,911,694
female144.jpg,1280,720,Female,380,104,1144,671
female1440.jpg,1280,720,Female,101,64,906,691
female1441.jpg,1500,2000,Female,429,595,1065,1440
female1442.jpg,1500,2000,Female,426,589,1059,1432
female1443.jpg,1500,2000,Female,420,581,1063,1430
female1444.jpg,1500,2000,Female,424,583,1059,1426
female1445.jpg,1500,2000,Female,437,658,1043,1466
female1446.jpg,1500,2000,Female,437,658,1029,1471
female1447.jpg,1500,2000,Female,441,664,1037,1464
female1448.jpg,1500,2000,Female,445,666,1043,1475
female1449.jpg,1500,2000,Female,443,597,1051,1422
female145.jpg,1280,720,Female,334,121,1080,685
female1450.jpg,1500,2000,Female,453,615,1067,1438
female1451.jpg,1500,2000,Female,457,624,1059,1442
female1452.jpg,1500,2000,Female,451,624,1069,1456
female1453.jpg,1280,720,Female,298,77,1071,659
female1454.jpg,1280,720,Female,297,83,1071,669
female1455.jpg,1280,720,Female,291,86,1068,661
female1456.jpg,1280,720,Female,295,96,1070,665
female1457.jpg,1280,720,Female,262,60,1032,625
female1458.jpg,1280,720,Female,284,46,1051,612
female1459.jpg,1280,720,Female,334,54,1035,586
female146.jpg,1280,720,Female,240,76,1027,666
female1460.jpg,1280,720,Female,270,60,1061,652
female1461.jpg,1280,720,Female,248,50,1085,686
female1462.jpg,1280,720,Female,258,35,1087,654
female1463.jpg,1280,720,Female,236,54,1067,664
female1464.jpg,1280,720,Female,360,76,1155,672
female1465.jpg,1500,2000,Female,435,640,1061,1426
female1466.jpg,1500,2000,Female,457,656,1041,1401
female1467.jpg,1500,2000,Female,425,638,1050,1405
female1468.jpg,1500,2000,Female,447,634,1037,1389
female1469.jpg,1500,2000,Female,439,640,1031,1391
female147.jpg,1280,720,Female,262,76,1055,659
female1470.jpg,1500,2000,Female,431,640,1010,1383
female1471.jpg,1500,2000,Female,400,650,990,1397
female1472.jpg,1500,2000,Female,418,648,998,1387
female1473.jpg,1500,2000,Female,447,662,1055,1432
female1474.jpg,1500,2000,Female,451,658,1053,1419
female1475.jpg,1500,2000,Female,441,640,1061,1444
female1476.jpg,1500,2000,Female,426,644,1053,1450
female1477.jpg,1280,720,Female,196,69,906,630
female1478.jpg,1280,720,Female,188,64,909,629
female1479.jpg,1280,720,Female,184,71,904,622
female148.jpg,1280,720,Female,271,93,1066,686
female1480.jpg,1280,720,Female,186,77,901,632
female1481.jpg,1280,720,Female,219,73,962,653
female1482.jpg,1280,720,Female,217,63,975,664
female1483.jpg,1280,720,Female,224,65,965,653
female1484.jpg,1280,720,Female,209,75,958,663
female1485.jpg,1280,720,Female,242,62,996,662
female1486.jpg,1280,720,Female,229,60,997,653
female1487.jpg,1280,720,Female,224,38,989,647
female1488.jpg,1280,720,Female,222,50,996,656
female149.jpg,1280,720,Female,238,77,1026,663
female15.jpg,1280,720,Female,82,28,1004,660
female150.jpg,1500,2000,Female,418,479,1051,1373
female151.jpg,1500,2000,Female,386,522,1020,1401
female152.jpg,1500,2000,Female,388,487,1024,1383
female153.jpg,1500,2000,Female,392,458,1035,1362
female154.jpg,1500,2000,Female,410,479,1094,1397
female155.jpg,1500,2000,Female,406,481,1073,1401
female156.jpg,1500,2000,Female,394,473,1065,1413
female157.jpg,1500,2000,Female,445,515,1086,1417
female158.jpg,1500,2000,Female,437,507,1051,1356
female159.jpg,1500,2000,Female,433,493,1039,1346
female16.jpg,1280,720,Female,125,20,1041,665
female160.jpg,1500,2000,Female,435,519,1051,1389
female161.jpg,1500,2000,Female,431,495,1053,1360
female162.jpg,1280,720,Female,321,120,1036,633
female163.jpg,1280,720,Female,344,119,1072,638
female164.jpg,1280,720,Female,408,127,1130,649
female165.jpg,1280,720,Female,338,121,1043,635
female166.jpg,1280,720,Female,253,82,1047,645
female167.jpg,1280,720,Female,155,77,948,647
female168.jpg,1280,720,Female,262,100,1065,674
female169.jpg,1280,720,Female,216,89,1013,662
female17.jpg,1280,720,Female,163,37,1072,665
female170.jpg,1280,720,Female,294,136,1041,690
female171.jpg,1280,720,Female,301,126,1058,680
female172.jpg,1280,720,Female,338,111,1107,665
female173.jpg,1280,720,Female,288,114,1065,680
female174.jpg,1500,2000,Female,435,577,1041,1389
female175.jpg,1500,2000,Female,457,626,1059,1436
female176.jpg,1500,2000,Female,435,632,1047,1454
female177.jpg,1500,2000,Female,473,656,1086,1477
female178.jpg,1500,2000,Female,414,509,1063,1395
female179.jpg,1500,2000,Female,418,530,1059,1389
female18.jpg,1280,720,Female,168,26,1092,657
female180.jpg,1500,2000,Female,420,532,1057,1383
female181.jpg,1500,2000,Female,408,528,1045,1399
female182.jpg,1500,2000,Female,426,556,1051,1401
female183.jpg,1500,2000,Female,418,542,1031,1387
female184.jpg,1500,2000,Female,404,507,1024,1352
female185.jpg,1500,2000,Female,431,522,1055,1360
female186.jpg,1500,2000,Female,412,524,1039,1381
female187.jpg,1280,720,Female,300,81,1041,633
female188.jpg,1280,720,Female,236,101,993,662
female189.jpg,1280,720,Female,297,108,1055,671
female190.jpg,1280,720,Female,218,110,977,663
female191.jpg,1280,720,Female,316,38,1068,599
female192.jpg,1280,720,Female,236,59,988,623
female193.jpg,1280,720,Female,312,56,1070,622
female194.jpg,1280,720,Female,291,53,1056,626
female195.jpg,1280,720,Female,302,48,1058,606
female196.jpg,1280,720,Female,353,93,1100,641
female197.jpg,1280,720,Female,327,87,1077,650
female198.jpg,1280,720,Female,328,96,1070,646
female199.jpg,1500,2000,Female,426,595,1049,1450
female2.jpg,1500,2000,Female,451,591,1092,1432
female20.jpg,1280,720,Female,145,41,1065,679
female200.jpg,1500,2000,Female,422,591,1053,1442
female201.jpg,1500,2000,Female,435,619,1071,1489
female202.jpg,1500,2000,Female,422,630,1067,1501
female203.jpg,1500,2000,Female,426,622,1104,1540
female204.jpg,1500,2000,Female,426,583,1116,1522
female205.jpg,1500,2000,Female,398,575,1098,1519
female206.jpg,1500,2000,Female,404,556,1096,1497
female207.jpg,1500,2000,Female,451,597,1106,1479
female208.jpg,1500,2000,Female,426,562,1086,1450
female209.jpg,1500,2000,Female,469,581,1135,1477
female21.jpg,1280,720,Female,166,48,1080,674
female210.jpg,1500,2000,Female,475,575,1147,1485
female211.jpg,1280,720,Female,246,65,994,613
female212.jpg,1280,720,Female,259,62,995,606
female213.jpg,1280,720,Female,242,80,973,615
female214.jpg,1280,720,Female,217,79,959,617
female215.jpg,1280,720,Female,315,120,1065,664
female216.jpg,1280,720,Female,367,174,1094,711
female217.jpg,1280,720,Female,315,69,1050,621
female218.jpg,1280,720,Female,313,99,1062,657
female219.jpg,1280,720,Female,212,105,1036,720
female22.jpg,1280,720,Female,105,48,984,667
female23.jpg,1280,720,Female,81,36,994,678
female230.jpg,1280,720,Female,241,95,1060,704
female231.jpg,1280,720,Female,236,91,1070,702
female232.jpg,1280,720,Female,196,89,1026,699
female233.jpg,1500,2000,Female,404,666,1024,1499
female234.jpg,1500,2000,Female,441,595,1047,1424
female235.jpg,1500,2000,Female,447,626,1073,1477
female236.jpg,1500,2000,Female,414,560,1032,1397
female237.jpg,1500,2000,Female,441,517,1053,1350
female238.jpg,1500,2000,Female,455,546,1071,1393
female239.jpg,1500,2000,Female,429,536,1049,1391
female24.jpg,1280,720,Female,69,34,970,659
female240.jpg,1500,2000,Female,457,497,1078,1336
female241.jpg,1500,2000,Female,416,497,1039,1354
female242.jpg,1500,2000,Female,394,544,1022,1395
female243.jpg,1500,2000,Female,388,571,1010,1428
female244.jpg,1500,2000,Female,396,526,1035,1389
female245.jpg,1280,720,Female,315,146,1035,669
female246.jpg,1280,720,Female,324,128,1043,651
female247.jpg,1280,720,Female,389,148,1102,665
female248.jpg,1280,720,Female,379,115,1111,646
female249.jpg,1280,720,Female,354,94,1100,641
female25.jpg,1280,720,Female,84,36,998,665
female250.jpg,1280,720,Female,250,84,1017,643
female251.jpg,1280,720,Female,237,158,983,708
female252.jpg,1280,720,Female,228,95,1006,667
female253.jpg,1280,720,Female,137,35,927,611
female254.jpg,1280,720,Female,128,61,910,641
female255.jpg,1280,720,Female,201,50,990,636
female256.jpg,1280,720,Female,68,39,875,632
female257.jpg,1500,2000,Female,486,587,1022,1350
female258.jpg,1500,2000,Female,496,575,1047,1338
female259.jpg,1500,2000,Female,463,548,1020,1328
female26.jpg,1500,2000,Female,416,617,1057,1432
female260.jpg,1500,2000,Female,467,575,1022,1362
female261.jpg,1500,2000,Female,451,522,1055,1364
female262.jpg,1500,2000,Female,382,522,996,1381
female263.jpg,1500,2000,Female,420,542,1035,1383
female264.jpg,1500,2000,Female,400,568,1008,1411
female265.jpg,1500,2000,Female,412,548,1039,1405
female266.jpg,1500,2000,Female,457,526,1071,1371
female267.jpg,1500,2000,Female,396,568,990,1403
female268.jpg,1500,2000,Female,449,566,1047,1403
female269.jpg,1280,720,Female,321,65,1080,601
female27.jpg,1500,2000,Female,404,589,1075,1458
female270.jpg,1280,720,Female,362,95,1121,651
female271.jpg,1280,720,Female,234,67,1005,623
female272.jpg,1280,720,Female,271,77,1034,630
female273.jpg,1280,720,Female,388,53,1215,658
female274.jpg,1280,720,Female,268,96,1093,699
female275.jpg,1280,720,Female,214,80,1044,682
female276.jpg,1280,720,Female,180,64,1004,657
female277.jpg,1280,720,Female,231,54,1048,643
female278.jpg,1280,720,Female,202,99,1009,689
female279.jpg,1280,720,Female,197,122,1004,698
female28.jpg,1500,2000,Female,388,591,1063,1446
female280.jpg,1280,720,Female,237,120,1034,693
female281.jpg,1500,2000,Female,494,632,1053,1399
female282.jpg,1500,2000,Female,510,617,1084,1395
female283.jpg,1500,2000,Female,488,601,1059,1383
female284.jpg,1500,2000,Female,453,548,1045,1356
female285.jpg,1500,2000,Female,429,571,1061,1419
female286.jpg,1500,2000,Female,441,568,1059,1419
female287.jpg,1500,2000,Female,408,548,1055,1401
female288.jpg,1500,2000,Female,414,524,1039,1375
female289.jpg,1500,2000,Female,431,479,1078,1356
female29.jpg,1500,2000,Female,398,603,1071,1456
female290.jpg,1500,2000,Female,424,530,1082,1407
female291.jpg,1500,2000,Female,414,548,1053,1419
female292.jpg,1500,2000,Female,445,550,1071,1411
female293.jpg,1280,720,Female,282,123,1025,665
female294.jpg,1280,720,Female,264,148,1001,691
female295.jpg,1280,720,Female,252,119,995,664
female296.jpg,1280,720,Female,260,118,988,668
female297.jpg,1280,720,Female,253,63,981,605
female298.jpg,1280,720,Female,283,77,1018,632
female299.jpg,1280,720,Female,260,80,1001,634
female3.jpg,1500,2000,Female,410,566,1053,1403
female30.jpg,1500,2000,Female,422,489,1137,1385
female300.jpg,1280,720,Female,214,81,960,637
female301.jpg,1280,720,Female,276,67,1058,643
female302.jpg,1280,720,Female,284,96,1058,668
female303.jpg,1280,720,Female,248,68,1026,648
female304.jpg,1280,720,Female,255,56,1034,631
female305.jpg,1500,2000,Female,454,624,1021,1419
female306.jpg,1500,2000,Female,421,605,1015,1422
female307.jpg,1500,2000,Female,452,630,1042,1466
female308.jpg,1500,2000,Female,468,587,1072,1434
female309.jpg,1500,2000,Female,460,628,1068,1477
female310.jpg,1500,2000,Female,411,611,1040,1495
female311.jpg,1500,2000,Female,411,644,1028,1513
female312.jpg,1500,2000,Female,411,662,1019,1517
female313.jpg,1500,2000,Female,454,632,1066,1495
female314.jpg,1500,2000,Female,464,605,1068,1448
female315.jpg,1500,2000,Female,446,626,1038,1466
female316.jpg,1500,2000,Female,454,624,1058,1466
female317.jpg,1280,720,Female,309,98,1058,608
female318.jpg,1280,720,Female,260,105,995,624
female319.jpg,1280,720,Female,294,103,1017,612
female32.jpg,1500,2000,Female,383,538,1105,1440
female320.jpg,1280,720,Female,236,113,970,617
female321.jpg,1280,720,Female,237,94,985,627
female322.jpg,1280,720,Female,274,103,1034,639
female323.jpg,1280,720,Female,233,89,995,619
female324.jpg,1280,720,Female,255,97,1024,642
female325.jpg,1280,720,Female,275,71,1068,634
female326.jpg,1280,720,Female,343,72,1123,635
female327.jpg,1280,720,Female,281,120,1074,684
female328.jpg,1280,720,Female,248,111,1035,686
female329.jpg,1500,2000,Female,483,583,1054,1371
female33.jpg,1500,2000,Female,397,542,1093,1424
female330.jpg,1500,2000,Female,472,605,1042,1405
female331.jpg,1500,2000,Female,481,607,1062,1426
female332.jpg,1500,2000,Female,444,646,1042,1477
female333.jpg,1500,2000,Female,405,589,1066,1513
female334.jpg,1500,2000,Female,423,548,1060,1434
female335.jpg,1500,2000,Female,411,601,1050,1493
female336.jpg,1500,2000,Female,432,607,1081,1515
female337.jpg,1500,2000,Female,419,603,1038,1471
female338.jpg,1500,2000,Female,450,593,1079,1475
female339.jpg,1500,2000,Female,466,609,1105,1495
female34.jpg,1500,2000,Female,383,534,1095,1456
female340.jpg,1500,2000,Female,440,577,1079,1462
female341.jpg,1280,720,Female,263,150,1001,672
female342.jpg,1280,720,Female,228,138,974,661
female343.jpg,1280,720,Female,232,74,981,614
female344.jpg,1280,720,Female,287,61,1048,605
female345.jpg,1280,720,Female,209,71,993,637
female346.jpg,1280,720,Female,271,132,1060,699
female347.jpg,1280,720,Female,240,77,1038,649
female348.jpg,1280,720,Female,193,70,993,648
female349.jpg,1280,720,Female,325,83,1043,601
female35.jpg,1500,2000,Female,399,587,1087,1460
female350.jpg,1280,720,Female,325,77,1059,606
female351.jpg,1280,720,Female,298,54,1040,598
female352.jpg,1280,720,Female,301,62,1029,596
female353.jpg,1500,2000,Female,411,605,1034,1399
female354.jpg,1500,2000,Female,419,534,1038,1360
female355.jpg,1500,2000,Female,417,577,1032,1377
female356.jpg,1500,2000,Female,413,599,1032,1413
female357.jpg,1500,2000,Female,452,550,1064,1368
female358.jpg,1500,2000,Female,446,542,1072,1379
female359.jpg,1500,2000,Female,444,562,1046,1362
female36.jpg,1500,2000,Female,409,599,1050,1411
female360.jpg,1500,2000,Female,442,544,1052,1358
female361.jpg,1500,2000,Female,442,538,1056,1342
female362.jpg,1500,2000,Female,454,542,1062,1358
female363.jpg,1500,2000,Female,417,530,1028,1340
female364.jpg,1500,2000,Female,444,573,1054,1385
female365.jpg,1280,720,Female,170,146,872,660
female366.jpg,1280,720,Female,238,121,932,658
female367.jpg,1280,720,Female,212,139,900,660
female368.jpg,1280,720,Female,228,163,906,678
female369.jpg,1280,720,Female,206,24,922,571
female37.jpg,1500,2000,Female,407,599,1056,1422
female370.jpg,1280,720,Female,188,31,908,582
female371.jpg,1280,720,Female,229,31,955,589
female372.jpg,1280,720,Female,230,49,951,602
female373.jpg,1280,720,Female,263,117,962,656
female374.jpg,1280,720,Female,226,99,932,633
female375.jpg,1280,720,Female,177,63,910,612
female376.jpg,1280,720,Female,121,98,872,665
female377.jpg,1500,2000,Female,444,595,1048,1383
female378.jpg,1500,2000,Female,434,568,1030,1354
female379.jpg,1500,2000,Female,479,575,1068,1356
female38.jpg,1500,2000,Female,428,642,1068,1452
female380.jpg,1500,2000,Female,474,589,1056,1368
female381.jpg,1500,2000,Female,460,575,1097,1415
female382.jpg,1500,2000,Female,397,568,1034,1403
female383.jpg,1500,2000,Female,446,519,1099,1381
female384.jpg,1500,2000,Female,419,534,1072,1389
female385.jpg,1500,2000,Female,456,601,1113,1460
female386.jpg,1500,2000,Female,423,615,1072,1462
female387.jpg,1500,2000,Female,432,605,1097,1471
female388.jpg,1500,2000,Female,428,579,1077,1446
female389.jpg,1280,720,Female,287,43,981,580
female39.jpg,1500,2000,Female,432,648,1077,1452
female390.jpg,1280,720,Female,241,73,949,592
female391.jpg,1280,720,Female,320,60,1011,599
female392.jpg,1280,720,Female,248,60,954,597
female393.jpg,1280,720,Female,182,85,935,660
female394.jpg,1280,720,Female,135,70,897,657
female395.jpg,1280,720,Female,129,41,888,621
female396.jpg,1280,720,Female,119,38,885,625
female397.jpg,1280,720,Female,285,96,1079,696
female398.jpg,1280,720,Female,290,88,1080,695
female399.jpg,1280,720,Female,262,81,1062,687
female4.jpg,1500,2000,Female,403,568,1064,1430
female40.jpg,1280,720,Female,277,88,983,650
female400.jpg,1280,720,Female,223,65,1024,675
female401.jpg,1500,2000,Female,454,630,1023,1422
female402.jpg,1500,2000,Female,503,552,1085,1356
female403.jpg,1500,2000,Female,462,554,1048,1354
female404.jpg,1500,2000,Female,452,587,1025,1368
female405.jpg,1500,2000,Female,434,517,1042,1356
female406.jpg,1500,2000,Female,499,493,1109,1317
female407.jpg,1500,2000,Female,505,534,1105,1360
female408.jpg,1500,2000,Female,485,456,1087,1285
female409.jpg,1500,2000,Female,444,497,1056,1346
female41.jpg,1280,720,Female,311,96,1023,653
female410.jpg,1500,2000,Female,419,477,1028,1334
female411.jpg,1500,2000,Female,442,485,1050,1330
female412.jpg,1500,2000,Female,415,497,1019,1328
female413.jpg,1500,2000,Female,428,528,1032,1362
female414.jpg,1280,720,Female,324,170,1040,689
female415.jpg,1280,720,Female,321,110,1045,623
female416.jpg,1280,720,Female,318,60,1048,590
female417.jpg,1280,720,Female,241,70,989,599
female418.jpg,1280,720,Female,264,88,1031,651
female419.jpg,1280,720,Female,185,30,993,621
female42.jpg,1280,720,Female,302,106,1022,663
female420.jpg,1280,720,Female,259,93,1048,669
female421.jpg,1280,720,Female,227,108,1032,688
female422.jpg,1280,720,Female,214,79,983,649
female423.jpg,1280,720,Female,220,92,992,663
female424.jpg,1280,720,Female,209,94,996,669
female425.jpg,1280,720,Female,222,126,994,693
female426.jpg,1500,2000,Female,442,587,1056,1430
female427.jpg,1500,2000,Female,407,638,1028,1493
female428.jpg,1500,2000,Female,432,611,1060,1458
female429.jpg,1500,2000,Female,448,611,1070,1454
female43.jpg,1280,720,Female,289,121,1003,671
female430.jpg,1500,2000,Female,403,544,1038,1411
female431.jpg,1500,2000,Female,419,548,1048,1401
female432.jpg,1500,2000,Female,405,536,1034,1387
female433.jpg,1500,2000,Female,411,540,1034,1389
female434.jpg,1500,2000,Female,405,550,1036,1395
female435.jpg,1500,2000,Female,372,501,1007,1358
female436.jpg,1500,2000,Female,428,526,1040,1362
female437.jpg,1500,2000,Female,446,566,1052,1397
female438.jpg,1500,2000,Female,464,548,1077,1377
female439.jpg,1280,720,Female,303,124,1008,633
female44.jpg,1280,720,Female,287,50,965,599
female440.jpg,1280,720,Female,394,117,1086,628
female441.jpg,1280,720,Female,254,98,964,614
female442.jpg,1280,720,Female,286,83,979,600
female443.jpg,1280,720,Female,183,16,931,558
female444.jpg,1280,720,Female,234,68,976,623
female445.jpg,1280,720,Female,191,74,942,628
female446.jpg,1280,720,Female,160,90,925,651
female447.jpg,1280,720,Female,157,88,917,653
female448.jpg,1280,720,Female,175,139,933,691
female449.jpg,1280,720,Female,176,93,938,641
female45.jpg,1280,720,Female,298,24,1001,574
female450.jpg,1280,720,Female,170,127,926,690
female451.jpg,1500,2000,Female,407,530,1050,1360
female452.jpg,1500,2000,Female,389,550,1072,1422
female453.jpg,1500,2000,Female,454,611,1111,1462
female454.jpg,1500,2000,Female,417,589,1087,1450
female455.jpg,1500,2000,Female,440,568,1083,1387
female456.jpg,1500,2000,Female,456,503,1101,1344
female457.jpg,1500,2000,Female,440,530,1068,1348
female458.jpg,1500,2000,Female,438,534,1093,1381
female459.jpg,1500,2000,Female,450,624,1099,1450
female46.jpg,1280,720,Female,282,49,992,608
female460.jpg,1500,2000,Female,454,619,1089,1430
female461.jpg,1500,2000,Female,442,628,1066,1438
female462.jpg,1500,2000,Female,454,632,1095,1444
female463.jpg,1280,720,Female,247,113,934,641
female464.jpg,1280,720,Female,178,80,875,609
female465.jpg,1280,720,Female,219,121,915,651
female466.jpg,1280,720,Female,221,117,915,658
female467.jpg,1280,720,Female,381,70,1093,634
female468.jpg,1280,720,Female,99,103,830,654
female469.jpg,1280,720,Female,116,35,846,604
female47.jpg,1280,720,Female,326,77,1021,632
female470.jpg,1280,720,Female,90,62,834,629
female471.jpg,1280,720,Female,203,118,902,689
female472.jpg,1280,720,Female,252,35,989,602
female473.jpg,1280,720,Female,199,33,945,609
female474.jpg,1280,720,Female,204,99,933,657
female475.jpg,1500,2000,Female,438,619,1011,1407
female476.jpg,1500,2000,Female,460,560,1028,1350
female477.jpg,1500,2000,Female,468,546,1050,1352
female478.jpg,1500,2000,Female,462,583,1030,1379
female479.jpg,1500,2000,Female,440,564,1072,1405
female48.jpg,1280,720,Female,229,48,1001,645
female480.jpg,1500,2000,Female,460,601,1062,1430
female481.jpg,1500,2000,Female,458,597,1093,1456
female482.jpg,1500,2000,Female,444,609,1054,1454
female483.jpg,1500,2000,Female,415,554,1032,1399
female484.jpg,1500,2000,Female,421,560,1042,1411
female485.jpg,1500,2000,Female,413,566,1028,1403
female486.jpg,1500,2000,Female,417,528,1038,1375
female487.jpg,1280,720,Female,220,73,989,631
female488.jpg,1280,720,Female,179,22,948,594
female489.jpg,1280,720,Female,161,34,925,596
female49.jpg,1280,720,Female,250,91,1019,696
female490.jpg,1280,720,Female,178,116,907,643
female491.jpg,1280,720,Female,280,73,957,571
female492.jpg,1280,720,Female,290,83,966,579
female493.jpg,1280,720,Female,262,81,958,587
female494.jpg,1280,720,Female,252,94,940,602
female495.jpg,1280,720,Female,263,165,946,670
female496.jpg,1280,720,Female,238,95,925,608
female497.jpg,1280,720,Female,174,120,876,634
female498.jpg,1280,720,Female,267,85,986,612
female499.jpg,1500,2000,Female,450,556,1015,1346
female5.jpg,1500,2000,Female,379,568,1060,1450
female50.jpg,1280,720,Female,305,78,1052,678
female500.jpg,1500,2000,Female,436,624,1025,1426
female501.jpg,1500,2000,Female,468,693,1048,1495
female502.jpg,1500,2000,Female,464,697,1066,1522
female503.jpg,1500,2000,Female,440,636,1056,1487
female504.jpg,1500,2000,Female,444,654,1062,1513
female505.jpg,1500,2000,Female,460,673,1081,1538
female506.jpg,1500,2000,Female,454,634,1068,1464
female507.jpg,1500,2000,Female,481,607,1077,1434
female508.jpg,1500,2000,Female,411,650,1019,1471
female509.jpg,1500,2000,Female,428,636,1013,1440
female51.jpg,1280,720,Female,340,94,1094,684
female510.jpg,1500,2000,Female,436,626,1054,1487
female511.jpg,1280,720,Female,390,47,1111,571
female512.jpg,1280,720,Female,284,69,1004,592
female513.jpg,1280,720,Female,259,83,981,607
female514.jpg,1280,720,Female,170,91,905,614
female515.jpg,1280,720,Female,227,79,989,631
female516.jpg,1280,720,Female,216,82,975,648
female517.jpg,1280,720,Female,231,63,996,628
female518.jpg,1280,720,Female,197,134,939,674
female519.jpg,1280,720,Female,303,143,1020,675
female52.jpg,1500,2000,Female,411,532,1123,1417
female520.jpg,1280,720,Female,251,114,977,642
female521.jpg,1280,720,Female,285,139,1000,655
female522.jpg,1280,720,Female,247,98,971,629
female523.jpg,1500,2000,Female,440,634,1048,1426
female524.jpg,1500,2000,Female,458,628,1064,1403
female525.jpg,1500,2000,Female,450,624,1064,1411
female526.jpg,1500,2000,Female,442,624,1060,1405
female527.jpg,1500,2000,Female,466,605,1068,1377
female528.jpg,1500,2000,Female,425,593,1040,1373
female529.jpg,1500,2000,Female,440,593,1054,1383
female53.jpg,1500,2000,Female,348,579,1085,1466
female530.jpg,1500,2000,Female,462,571,1081,1356
female531.jpg,1500,2000,Female,432,591,1068,1393
female532.jpg,1500,2000,Female,434,568,1062,1373
female533.jpg,1500,2000,Female,399,562,1028,1371
female534.jpg,1500,2000,Female,415,554,1058,1375
female535.jpg,1280,720,Female,323,97,1075,694
female536.jpg,1280,720,Female,356,62,1101,652
female537.jpg,1280,720,Female,386,98,1125,676
female538.jpg,1280,720,Female,424,77,1181,658
female539.jpg,1280,720,Female,393,87,1134,666
female54.jpg,1500,2000,Female,374,550,1125,1468
female540.jpg,1280,720,Female,399,54,1137,638
female541.jpg,1280,720,Female,369,60,1106,641
female542.jpg,1280,720,Female,373,65,1107,648
female543.jpg,1280,720,Female,228,76,998,693
female544.jpg,1280,720,Female,261,57,1040,671
female545.jpg,1280,720,Female,181,39,965,648
female546.jpg,1280,720,Female,194,70,977,691
female547.jpg,1500,2000,Female,423,577,1077,1466
female548.jpg,1500,2000,Female,428,597,1081,1495
female549.jpg,1500,2000,Female,415,566,1044,1428
female55.jpg,1500,2000,Female,377,536,1140,1466
female550.jpg,1500,2000,Female,466,566,1093,1417
female551.jpg,1500,2000,Female,489,603,1125,1473
female552.jpg,1500,2000,Female,417,560,1093,1464
female553.jpg,1500,2000,Female,428,617,1093,1526
female554.jpg,1500,2000,Female,444,581,1105,1471
female555.jpg,1500,2000,Female,489,579,1128,1464
female556.jpg,1500,2000,Female,432,577,1083,1450
female557.jpg,1500,2000,Female,458,591,1105,1471
female558.jpg,1500,2000,Female,430,599,1077,1479
female559.jpg,1500,2000,Female,393,568,1056,1462
female56.jpg,1500,2000,Female,372,554,1130,1505
female560.jpg,1280,720,Female,155,91,943,681
female561.jpg,1280,720,Female,111,91,883,674
female562.jpg,1280,720,Female,84,99,864,666
female563.jpg,1280,720,Female,264,92,1060,676
female564.jpg,1280,720,Female,250,35,1093,655
female565.jpg,1280,720,Female,301,94,1125,706
female566.jpg,1280,720,Female,231,59,1050,664
female567.jpg,1280,720,Female,253,71,1090,675
female568.jpg,1280,720,Female,301,85,1089,677
female569.jpg,1280,720,Female,287,61,1094,661
female57.jpg,1500,2000,Female,321,571,1101,1534
female570.jpg,1280,720,Female,293,54,1099,655
female571.jpg,1280,720,Female,304,57,1112,656
female572.jpg,1500,2000,Female,397,609,1056,1403
female573.jpg,1500,2000,Female,474,662,1121,1440
female574.jpg,1500,2000,Female,462,660,1105,1440
female575.jpg,1500,2000,Female,456,654,1109,1446
female576.jpg,1500,2000,Female,438,609,1058,1356
female577.jpg,1500,2000,Female,393,638,1021,1383
female578.jpg,1500,2000,Female,446,646,1048,1373
female579.jpg,1500,2000,Female,446,644,1044,1366
female58.jpg,1500,2000,Female,379,558,1146,1515
female580.jpg,1500,2000,Female,468,644,1077,1381
female581.jpg,1500,2000,Female,466,666,1081,1391
female582.jpg,1500,2000,Female,483,626,1089,1362
female583.jpg,1500,2000,Female,458,638,1072,1377
female584.jpg,1280,720,Female,340,160,973,689
female585.jpg,1280,720,Female,424,134,1046,653
female586.jpg,1280,720,Female,450,98,1078,612
female587.jpg,1280,720,Female,427,84,1054,612
female588.jpg,1280,720,Female,367,100,1019,651
female589.jpg,1280,720,Female,371,56,1028,607
female59.jpg,1500,2000,Female,399,548,1170,1528
female590.jpg,1280,720,Female,387,57,1044,624
female591.jpg,1280,720,Female,371,12,1041,576
female592.jpg,1280,720,Female,275,85,985,670
female593.jpg,1280,720,Female,267,97,975,679
female594.jpg,1280,720,Female,326,56,1015,623
female595.jpg,1280,720,Female,317,56,993,626
female6.jpg,1500,2000,Female,411,624,1056,1468
female60.jpg,1500,2000,Female,348,609,1066,1499
female61.jpg,1500,2000,Female,315,558,1058,1464
female62.jpg,1500,2000,Female,413,536,1140,1456
female63.jpg,1500,2000,Female,397,636,1140,1550
female64.jpg,1500,2000,Female,372,589,1117,1503
female65.jpg,1280,720,Female,301,43,1055,651
female66.jpg,1280,720,Female,362,43,1114,658
female67.jpg,1280,720,Female,268,76,1021,683
female68.jpg,1280,720,Female,335,125,1080,704
female69.jpg,1280,720,Female,381,89,1087,666
female7.jpg,1500,2000,Female,425,617,1072,1473
female70.jpg,1280,720,Female,304,75,1023,658
female71.jpg,1280,720,Female,366,104,1076,683
female72.jpg,1280,720,Female,283,96,1008,691
female73.jpg,1280,720,Female,173,14,1006,678
female74.jpg,1280,720,Female,189,32,1026,696
female741.jpg,1500,2000,Female,440,624,1107,1419
female742.jpg,1500,2000,Female,440,622,1107,1424
female743.jpg,1500,2000,Female,444,642,1105,1462
female744.jpg,1500,2000,Female,405,648,1093,1477
female745.jpg,1500,2000,Female,368,583,1085,1415
female746.jpg,1500,2000,Female,425,642,1107,1456
female747.jpg,1500,2000,Female,419,638,1101,1466
female748.jpg,1500,2000,Female,399,654,1054,1438
female749.jpg,1500,2000,Female,415,648,1093,1481
female75.jpg,1280,720,Female,236,61,1065,715
female750.jpg,1500,2000,Female,442,624,1123,1442
female751.jpg,1500,2000,Female,432,583,1132,1428
female752.jpg,1500,2000,Female,413,619,1091,1446
female753.jpg,1280,720,Female,279,50,956,609
female754.jpg,1280,720,Female,237,26,922,588
female755.jpg,1280,720,Female,212,26,900,589
female756.jpg,1280,720,Female,233,24,925,588
female757.jpg,1280,720,Female,398,51,1079,620
female758.jpg,1280,720,Female,403,55,1096,633
female759.jpg,1280,720,Female,339,57,1044,642
female76.jpg,1280,720,Female,217,33,1040,693
female760.jpg,1280,720,Female,349,37,1041,626
female761.jpg,1280,720,Female,341,65,1068,682
female762.jpg,1280,720,Female,387,65,1074,632
female763.jpg,1280,720,Female,419,58,1104,627
female764.jpg,1280,720,Female,374,90,1054,666
female765.jpg,1500,2000,Female,452,613,1060,1468
female766.jpg,1500,2000,Female,468,591,1066,1452
female767.jpg,1500,2000,Female,477,615,1064,1436
female768.jpg,1500,2000,Female,493,589,1077,1426
female769.jpg,1500,2000,Female,415,550,1028,1413
female77.jpg,1500,2000,Female,466,585,1056,1391
female770.jpg,1500,2000,Female,452,622,1048,1468
female771.jpg,1500,2000,Female,462,603,1048,1438
female772.jpg,1500,2000,Female,452,615,1064,1477
female773.jpg,1500,2000,Female,468,650,1040,1462
female774.jpg,1500,2000,Female,466,640,1042,1452
female775.jpg,1500,2000,Female,466,644,1056,1460
female776.jpg,1500,2000,Female,485,636,1068,1458
female777.jpg,1280,720,Female,427,112,1063,558
female778.jpg,1280,720,Female,457,114,1084,552
female779.jpg,1280,720,Female,440,97,1053,531
female78.jpg,1500,2000,Female,446,591,1042,1401
female780.jpg,1280,720,Female,515,107,1118,530
female781.jpg,1280,720,Female,377,153,1096,668
female782.jpg,1280,720,Female,373,95,1097,616
female783.jpg,1280,720,Female,351,23,1091,558
female784.jpg,1280,720,Female,348,43,1087,576
female785.jpg,1280,720,Female,426,178,1090,656
female786.jpg,1280,720,Female,410,132,1080,604
female787.jpg,1280,720,Female,418,124,1091,604
female788.jpg,1280,720,Female,390,95,1081,588
female789.jpg,1500,2000,Female,466,652,1040,1448
female79.jpg,1500,2000,Female,438,638,1042,1452
female790.jpg,1500,2000,Female,460,575,1062,1424
female791.jpg,1500,2000,Female,481,542,1093,1397
female793.jpg,1500,2000,Female,436,528,1030,1362
female794.jpg,1500,2000,Female,415,524,1062,1415
female795.jpg,1500,2000,Female,430,517,1077,1417
female796.jpg,1500,2000,Female,428,542,1052,1415
female797.jpg,1500,2000,Female,434,507,1077,1407
female798.jpg,1500,2000,Female,415,522,1028,1383
female799.jpg,1500,2000,Female,454,540,1056,1403
female8.jpg,1500,2000,Female,448,615,1052,1417
female80.jpg,1500,2000,Female,423,601,1050,1440
female800.jpg,1500,2000,Female,428,554,1036,1393
female801.jpg,1500,2000,Female,417,552,1019,1403
female802.jpg,1280,720,Female,223,91,982,628
female803.jpg,1280,720,Female,249,97,1021,635
female804.jpg,1280,720,Female,282,85,1036,616
female805.jpg,1280,720,Female,253,91,1010,636
female806.jpg,1280,720,Female,235,27,1035,611
female807.jpg,1280,720,Female,211,54,1023,632
female808.jpg,1280,720,Female,199,40,1015,632
female809.jpg,1280,720,Female,186,37,1000,631
female81.jpg,1500,2000,Female,417,564,1093,1481
female810.jpg,1280,720,Female,328,97,1123,665
female811.jpg,1280,720,Female,275,89,1078,663
female812.jpg,1280,720,Female,215,101,1014,676
female813.jpg,1280,720,Female,178,97,970,677
female814.jpg,1500,2000,Female,438,573,1038,1411
female815.jpg,1500,2000,Female,434,589,1028,1424
female816.jpg,1500,2000,Female,446,560,1052,1391
female817.jpg,1500,2000,Female,430,546,1032,1391
female818.jpg,1500,2000,Female,423,495,1068,1397
female819.jpg,1500,2000,Female,432,501,1079,1393
female82.jpg,1500,2000,Female,403,556,1109,1509
female820.jpg,1500,2000,Female,464,456,1117,1362
female821.jpg,1500,2000,Female,448,540,1087,1426
female822.jpg,1500,2000,Female,436,587,1066,1454
female823.jpg,1500,2000,Female,458,595,1072,1444
female824.jpg,1500,2000,Female,474,615,1085,1471
female825.jpg,1500,2000,Female,425,579,1052,1446
female826.jpg,1280,720,Female,242,67,917,556
female827.jpg,1280,720,Female,265,73,937,559
female828.jpg,1280,720,Female,288,94,969,579
female829.jpg,1280,720,Female,268,89,965,590
female83.jpg,1500,2000,Female,409,538,1087,1458
female830.jpg,1280,720,Female,198,112,931,638
female831.jpg,1280,720,Female,181,53,924,592
female832.jpg,1280,720,Female,194,18,947,572
female833.jpg,1280,720,Female,186,24,938,577
female834.jpg,1280,720,Female,227,139,966,678
female835.jpg,1280,720,Female,196,82,956,646
female836.jpg,1280,720,Female,198,125,948,678
female837.jpg,1280,720,Female,191,152,938,697
female838.jpg,1500,2000,Female,456,654,1003,1385
female839.jpg,1500,2000,Female,472,632,1021,1377
female84.jpg,1500,2000,Female,440,562,1115,1485
female840.jpg,1500,2000,Female,464,624,1023,1362
female841.jpg,1500,2000,Female,466,634,1017,1368
female842.jpg,1500,2000,Female,474,575,1052,1342
female843.jpg,1500,2000,Female,477,558,1050,1330
female844.jpg,1500,2000,Female,483,593,1046,1344
female845.jpg,1500,2000,Female,479,560,1042,1324
female846.jpg,1500,2000,Female,438,560,1030,1340
female847.jpg,1500,2000,Female,458,571,1034,1354
female848.jpg,1500,2000,Female,438,548,1028,1334
female849.jpg,1500,2000,Female,438,558,1013,1344
female85.jpg,1500,2000,Female,446,636,1097,1532
female850.jpg,1280,720,Female,315,79,987,586
female851.jpg,1280,720,Female,321,102,998,604
female852.jpg,1280,720,Female,349,106,1033,606
female853.jpg,1280,720,Female,381,99,1074,613
female854.jpg,1280,720,Female,324,73,1071,643
female855.jpg,1280,720,Female,375,96,1120,656
female856.jpg,1280,720,Female,359,83,1105,640
female857.jpg,1280,720,Female,338,87,1064,633
female858.jpg,1280,720,Female,272,126,1009,676
female859.jpg,1280,720,Female,224,70,984,649
female86.jpg,1500,2000,Female,409,589,1072,1477
female860.jpg,1280,720,Female,203,86,975,675
female861.jpg,1280,720,Female,220,121,966,705
female862.jpg,1500,2000,Female,438,640,1072,1383
female863.jpg,1500,2000,Female,452,668,1079,1389
female864.jpg,1500,2000,Female,428,648,1052,1371
female865.jpg,1500,2000,Female,446,693,1062,1417
female866.jpg,1500,2000,Female,450,664,1091,1405
female867.jpg,1500,2000,Female,450,648,1099,1405
female868.jpg,1500,2000,Female,470,687,1115,1426
female869.jpg,1500,2000,Female,460,628,1109,1379
female87.jpg,1500,2000,Female,444,613,1099,1493
female870.jpg,1500,2000,Female,448,711,1111,1483
female871.jpg,1500,2000,Female,556,642,1236,1434
female872.jpg,1500,2000,Female,419,666,1089,1442
female873.jpg,1500,2000,Female,413,638,1085,1422
female874.jpg,1280,720,Female,322,118,971,680
female875.jpg,1280,720,Female,283,80,932,635
female876.jpg,1280,720,Female,242,71,905,651
female877.jpg,1280,720,Female,232,75,893,650
female878.jpg,1280,720,Female,179,52,884,667
female879.jpg,1280,720,Female,169,89,875,695
female88.jpg,1500,2000,Female,442,599,1101,1495
female880.jpg,1280,720,Female,222,57,931,674
female881.jpg,1280,720,Female,186,62,893,688
female882.jpg,1280,720,Female,237,59,893,626
female883.jpg,1280,720,Female,257,58,916,626
female884.jpg,1280,720,Female,234,54,901,635
female885.jpg,1280,720,Female,264,76,925,652
female886.jpg,1500,2000,Female,436,564,1085,1454
female887.jpg,1500,2000,Female,395,548,1048,1434
female888.jpg,1500,2000,Female,438,581,1068,1442
female889.jpg,1500,2000,Female,411,575,1060,1438
female89.jpg,1280,720,Female,319,14,1078,556
female890.jpg,1500,2000,Female,419,575,1066,1426
female891.jpg,1500,2000,Female,452,573,1085,1428
female892.jpg,1500,2000,Female,462,615,1111,1489
female893.jpg,1500,2000,Female,432,624,1087,1507
female894.jpg,1500,2000,Female,436,587,1087,1475
female895.jpg,1500,2000,Female,434,640,1091,1526
female896.jpg,1500,2000,Female,444,622,1091,1489
female897.jpg,1500,2000,Female,434,607,1074,1473
female898.jpg,1280,720,Female,292,130,1042,687
female899.jpg,1280,720,Female,273,91,1036,664
female9.jpg,1500,2000,Female,436,644,1048,1450
female90.jpg,1280,720,Female,226,7,988,581
female900.jpg,1280,720,Female,221,65,993,632
female901.jpg,1280,720,Female,238,83,998,642
female902.jpg,1280,720,Female,221,38,998,632
female903.jpg,1280,720,Female,242,10,1025,603
female904.jpg,1280,720,Female,188,32,960,628
female905.jpg,1280,720,Female,140,5,919,593
female906.jpg,1280,720,Female,303,85,1119,693
female907.jpg,1280,720,Female,304,76,1139,690
female908.jpg,1280,720,Female,279,60,1104,669
female909.jpg,1280,720,Female,239,57,1081,686
female91.jpg,1280,720,Female,177,31,950,596
female910.jpg,1500,2000,Female,456,613,1042,1383
female911.jpg,1500,2000,Female,446,609,1038,1389
female912.jpg,1500,2000,Female,470,654,1070,1436
female913.jpg,1500,2000,Female,464,679,1058,1471
female914.jpg,1500,2000,Female,452,615,1056,1411
female915.jpg,1500,2000,Female,434,642,1023,1426
female916.jpg,1500,2000,Female,434,607,1032,1399
female917.jpg,1500,2000,Female,428,619,1028,1422
female918.jpg,1500,2000,Female,440,615,1056,1430
female919.jpg,1500,2000,Female,515,634,1093,1385
female92.jpg,1280,720,Female,130,27,919,591
female920.jpg,1500,2000,Female,456,640,1048,1426
female921.jpg,1500,2000,Female,474,638,1058,1419
female922.jpg,1280,720,Female,381,124,1084,647
female923.jpg,1280,720,Female,395,102,1112,636
female924.jpg,1280,720,Female,291,80,1000,617
female925.jpg,1280,720,Female,361,95,1064,617
female926.jpg,1280,720,Female,193,106,911,657
female927.jpg,1280,720,Female,155,98,875,645
female928.jpg,1280,720,Female,103,98,827,639
female929.jpg,1280,720,Female,251,55,977,609
female93.jpg,1280,720,Female,309,15,1118,612
female930.jpg,1280,720,Female,192,60,924,614
female931.jpg,1280,720,Female,282,87,1009,651
female932.jpg,1280,720,Female,383,89,1101,652
female933.jpg,1280,720,Female,366,66,1085,625
female934.jpg,1500,2000,Female,466,619,1089,1436
female935.jpg,1500,2000,Female,428,568,1042,1381
female936.jpg,1500,2000,Female,450,636,1077,1450
female937.jpg,1500,2000,Female,434,666,1064,1471
female938.jpg,1500,2000,Female,448,589,1103,1450
female939.jpg,1500,2000,Female,430,593,1109,1479
female94.jpg,1280,720,Female,258,37,1089,644
female940.jpg,1500,2000,Female,436,617,1117,1507
female941.jpg,1500,2000,Female,454,591,1109,1448
female942.jpg,1500,2000,Female,434,613,1052,1399
female943.jpg,1500,2000,Female,434,609,1046,1426
female944.jpg,1500,2000,Female,454,628,1074,1438
female945.jpg,1500,2000,Female,472,589,1093,1383
female946.jpg,1280,720,Female,397,92,1117,642
female947.jpg,1280,720,Female,329,96,1034,641
female948.jpg,1280,720,Female,338,110,1038,640
female949.jpg,1280,720,Female,263,109,977,645
female95.jpg,1280,720,Female,235,74,1060,673
female950.jpg,1280,720,Female,305,31,1077,618
female951.jpg,1280,720,Female,236,23,1016,617
female952.jpg,1280,720,Female,239,45,1007,632
female953.jpg,1280,720,Female,216,45,981,632
female954.jpg,1280,720,Female,337,83,1092,664
female955.jpg,1280,720,Female,292,74,1064,666
female956.jpg,1280,720,Female,239,121,999,710
female957.jpg,1280,720,Female,348,74,1100,666
female958.jpg,1500,2000,Female,397,571,981,1350
female959.jpg,1500,2000,Female,397,613,989,1407
female96.jpg,1280,720,Female,267,14,1101,624
female960.jpg,1500,2000,Female,425,642,993,1417
female961.jpg,1500,2000,Female,442,626,1032,1430
female962.jpg,1500,2000,Female,464,617,1042,1381
female963.jpg,1500,2000,Female,458,664,1028,1432
female964.jpg,1500,2000,Female,479,681,1034,1424
female965.jpg,1500,2000,Female,472,683,1025,1428
female966.jpg,1500,2000,Female,487,658,1042,1417
female967.jpg,1500,2000,Female,460,626,1032,1391
female968.jpg,1500,2000,Female,470,615,1017,1354
female969.jpg,1500,2000,Female,456,628,1001,1371
female97.jpg,1280,720,Female,332,51,1172,665
female970.jpg,1280,720,Female,361,114,1027,612
female971.jpg,1280,720,Female,315,125,994,624
female972.jpg,1280,720,Female,287,128,980,637
female973.jpg,1280,720,Female,224,83,929,598
female974.jpg,1280,720,Female,246,94,988,651
female975.jpg,1280,720,Female,258,117,1001,668
female976.jpg,1280,720,Female,188,140,917,693
female977.jpg,1280,720,Female,286,99,1048,670
female978.jpg,1280,720,Female,197,143,881,653
female979.jpg,1280,720,Female,248,159,929,663
female98.jpg,1280,720,Female,248,59,1030,652
female980.jpg,1280,720,Female,261,113,945,627
female981.jpg,1280,720,Female,277,189,946,683
female982.jpg,1500,2000,Female,417,577,1028,1391
female983.jpg,1500,2000,Female,442,566,1060,1393
female984.jpg,1500,2000,Female,460,571,1058,1377
female985.jpg,1500,2000,Female,477,550,1083,1373
female986.jpg,1500,2000,Female,393,532,1032,1383
female987.jpg,1500,2000,Female,407,485,1060,1350
female988.jpg,1500,2000,Female,401,409,1042,1277
female989.jpg,1500,2000,Female,419,503,1052,1354
female99.jpg,1280,720,Female,283,126,1052,698
female990.jpg,1500,2000,Female,413,507,1023,1326
female991.jpg,1500,2000,Female,483,566,1070,1364
female992.jpg,1500,2000,Female,421,599,999,1371
female993.jpg,1500,2000,Female,377,542,974,1356
female994.jpg,1280,720,Female,311,15,1022,557
female995.jpg,1280,720,Female,305,111,1023,642
female996.jpg,1280,720,Female,294,81,1009,606
female997.jpg,1280,720,Female,235,65,961,591
female998.jpg,1280,720,Female,243,68,1028,675
female999.jpg,1280,720,Female,178,80,975,685
male1.jpg,1500,2000,Male,409,579,1057,1525
male10.jpg,1500,2000,Male,429,608,1055,1506
male100.jpg,1500,2000,Male,451,486,1063,1406
male101.jpg,1500,2000,Male,439,442,1075,1384
male102.jpg,1500,2000,Male,423,508,1033,1418
male103.jpg,1500,2000,Male,507,512,1091,1392
male104.jpg,1500,2000,Male,463,514,1051,1392
male105.jpg,1500,2000,Male,439,508,1025,1378
male106.jpg,1500,2000,Male,469,506,1047,1382
male107.jpg,1500,2000,Male,459,492,1055,1374
male108.jpg,1500,2000,Male,463,498,1051,1388
male109.jpg,1500,2000,Male,449,504,1025,1374
male11.jpg,1500,2000,Male,439,588,1075,1492
male110.jpg,1500,2000,Male,449,504,1031,1376
male111.jpg,1280,720,Male,301,123,1084,642
male112.jpg,1280,720,Male,296,111,1081,622
male113.jpg,1280,720,Male,301,139,1078,656
male114.jpg,1280,720,Male,288,138,1075,653
male115.jpg,1280,720,Male,205,162,1011,710
male116.jpg,1280,720,Male,159,109,979,671
male117.jpg,1280,720,Male,158,105,988,666
male118.jpg,1280,720,Male,230,97,1063,671
male119.jpg,1280,720,Male,192,96,1019,666
male12.jpg,1500,2000,Male,433,548,1065,1424
male120.jpg,1280,720,Male,159,87,1001,660
male121.jpg,1280,720,Male,191,98,1015,665
male122.jpg,1280,720,Male,202,114,1023,672
male123.jpg,1500,2000,Male,489,540,1085,1408
male124.jpg,1500,2000,Male,493,536,1095,1418
male125.jpg,1500,2000,Male,461,544,1067,1430
male126.jpg,1500,2000,Male,451,488,1061,1386
male127.jpg,1500,2000,Male,465,466,1079,1386
male128.jpg,1500,2000,Male,461,472,1075,1386
male129.jpg,1500,2000,Male,463,466,1085,1384
male13.jpg,1280,720,Male,282,40,1041,613
male130.jpg,1500,2000,Male,431,500,1043,1414
male131.jpg,1500,2000,Male,461,484,1067,1378
male132.jpg,1500,2000,Male,475,472,1081,1366
male133.jpg,1500,2000,Male,411,502,1015,1394
male134.jpg,1500,2000,Male,417,514,1015,1404
male135.jpg,1280,720,Male,248,122,977,614
male136.jpg,1280,720,Male,233,178,951,661
male137.jpg,1280,720,Male,231,158,949,644
male138.jpg,1280,720,Male,233,138,965,631
male139.jpg,1280,720,Male,123,108,937,661
male14.jpg,1280,720,Male,306,43,1042,598
male140.jpg,1280,720,Male,221,99,1017,646
male141.jpg,1280,720,Male,230,102,1048,658
male142.jpg,1280,720,Male,215,102,1041,667
male143.jpg,1280,720,Male,330,56,1134,600
male144.jpg,1280,720,Male,421,94,1224,635
male145.jpg,1280,720,Male,211,80,1025,631
male146.jpg,1280,720,Male,237,101,1058,654
male147.jpg,1500,2000,Male,397,618,991,1524
male148.jpg,1500,2000,Male,441,614,1025,1502
male149.jpg,1500,2000,Male,465,644,1049,1540
male15.jpg,1280,720,Male,330,111,1063,661
male150.jpg,1500,2000,Male,471,590,1061,1496
male151.jpg,1500,2000,Male,431,554,1031,1474
male152.jpg,1500,2000,Male,425,574,1035,1516
male153.jpg,1500,2000,Male,439,578,1045,1514
male154.jpg,1500,2000,Male,425,556,1037,1496
male155.jpg,1500,2000,Male,453,628,1051,1536
male156.jpg,1500,2000,Male,477,598,1061,1496
male157.jpg,1500,2000,Male,457,606,1047,1520
male158.jpg,1500,2000,Male,489,590,1083,1508
male159.jpg,1280,720,Male,236,67,1032,593
male16.jpg,1280,720,Male,357,99,1068,638
male160.jpg,1280,720,Male,244,85,1039,595
male161.jpg,1280,720,Male,242,95,1034,609
male162.jpg,1280,720,Male,230,104,1030,614
male163.jpg,1280,720,Male,206,53,1049,604
male164.jpg,1280,720,Male,217,66,1068,622
male165.jpg,1280,720,Male,211,22,1063,581
male166.jpg,1280,720,Male,179,56,1032,617
male167.jpg,1280,720,Male,241,99,1102,656
male168.jpg,1280,720,Male,213,90,1082,646
male169.jpg,1280,720,Male,194,62,1059,633
male17.jpg,1280,720,Male,322,59,1105,652
male170.jpg,1280,720,Male,175,108,1043,676
male171.jpg,1500,2000,Male,449,588,1029,1452
male172.jpg,1500,2000,Male,419,576,1021,1450
male173.jpg,1500,2000,Male,439,566,1039,1442
male174.jpg,1500,2000,Male,417,548,1021,1446
male175.jpg,1500,2000,Male,429,580,1055,1524
male176.jpg,1500,2000,Male,427,568,1045,1506
male177.jpg,1500,2000,Male,453,596,1047,1492
male178.jpg,1500,2000,Male,453,626,1075,1556
male179.jpg,1500,2000,Male,457,610,1029,1470
male18.jpg,1280,720,Male,349,47,1137,647
male180.jpg,1500,2000,Male,451,620,1025,1480
male181.jpg,1500,2000,Male,501,606,1071,1468
male182.jpg,1500,2000,Male,481,618,1061,1494
male183.jpg,1280,720,Male,309,102,1090,614
male184.jpg,1280,720,Male,330,93,1117,604
male185.jpg,1280,720,Male,313,70,1101,587
male186.jpg,1280,720,Male,304,80,1096,601
male187.jpg,1280,720,Male,258,80,1093,634
male188.jpg,1280,720,Male,295,74,1132,635
male189.jpg,1280,720,Male,215,82,1058,645
male19.jpg,1280,720,Male,268,67,1049,670
male190.jpg,1280,720,Male,248,103,1100,672
male191.jpg,1280,720,Male,157,52,991,603
male192.jpg,1280,720,Male,177,103,1011,652
male193.jpg,1280,720,Male,200,84,1046,649
male194.jpg,1280,720,Male,218,40,1090,625
male195.jpg,1500,2000,Male,469,584,1037,1410
male196.jpg,1500,2000,Male,503,544,1073,1368
male197.jpg,1500,2000,Male,489,508,1059,1340
male198.jpg,1500,2000,Male,463,554,1027,1382
male199.jpg,1500,2000,Male,453,522,1065,1398
male2.jpg,1500,2000,Male,381,556,1043,1514
male20.jpg,1280,720,Male,294,86,1086,686
male200.jpg,1500,2000,Male,423,520,1041,1422
male201.jpg,1500,2000,Male,427,468,1039,1350
male202.jpg,1500,2000,Male,431,486,1031,1356
male203.jpg,1500,2000,Male,429,554,1003,1378
male204.jpg,1500,2000,Male,455,548,1033,1388
male205.jpg,1500,2000,Male,441,550,1025,1394
male206.jpg,1500,2000,Male,447,526,1039,1380
male207.jpg,1280,720,Male,188,135,937,647
male208.jpg,1280,720,Male,166,109,920,623
male209.jpg,1280,720,Male,186,104,942,614
male21.jpg,1280,720,Male,301,71,1047,631
male210.jpg,1280,720,Male,158,100,911,614
male211.jpg,1280,720,Male,237,120,1034,666
male212.jpg,1280,720,Male,243,125,1043,676
male213.jpg,1280,720,Male,269,137,1060,678
male214.jpg,1280,720,Male,241,103,1030,645
male215.jpg,1280,720,Male,329,90,1145,653
male216.jpg,1280,720,Male,246,110,1092,689
male217.jpg,1280,720,Male,231,100,1098,699
male218.jpg,1280,720,Male,285,79,1149,669
male219.jpg,1500,2000,Male,457,522,1049,1434
male22.jpg,1280,720,Male,268,53,1011,616
male220.jpg,1500,2000,Male,427,518,1015,1424
male221.jpg,1500,2000,Male,435,524,1027,1432
male222.jpg,1500,2000,Male,451,494,1039,1404
male223.jpg,1500,2000,Male,429,488,1037,1426
male224.jpg,1500,2000,Male,433,482,1029,1394
male225.jpg,1500,2000,Male,451,484,1031,1398
male226.jpg,1500,2000,Male,437,468,1013,1356
male227.jpg,1500,2000,Male,459,516,1041,1418
male228.jpg,1500,2000,Male,455,510,1051,1428
male229.jpg,1500,2000,Male,437,498,1033,1422
male23.jpg,1280,720,Male,263,70,1000,631
male230.jpg,1500,2000,Male,437,476,1039,1412
male231.jpg,1280,720,Male,281,90,1094,612
male232.jpg,1280,720,Male,222,114,1050,642
male233.jpg,1280,720,Male,187,95,1013,616
male234.jpg,1280,720,Male,177,85,1000,607
male235.jpg,1280,720,Male,154,148,977,695
male236.jpg,1280,720,Male,119,111,948,664
male237.jpg,1280,720,Male,108,118,944,680
male238.jpg,1280,720,Male,148,119,990,675
male239.jpg,1280,720,Male,211,133,1008,648
male24.jpg,1280,720,Male,228,39,961,591
male240.jpg,1280,720,Male,224,109,1025,623
male241.jpg,1280,720,Male,230,119,1032,645
male242.jpg,1280,720,Male,129,128,965,667
male243.jpg,1500,2000,Male,441,522,1055,1396
male244.jpg,1500,2000,Male,463,520,1067,1364
male245.jpg,1500,2000,Male,457,510,1067,1352
male246.jpg,1500,2000,Male,439,518,1047,1372
male247.jpg,1500,2000,Male,445,536,1093,1448
male248.jpg,1500,2000,Male,397,522,1049,1428
male249.jpg,1500,2000,Male,443,514,1073,1400
male25.jpg,1500,2000,Male,475,618,1055,1432
male250.jpg,1500,2000,Male,467,550,1087,1418
male251.jpg,1500,2000,Male,459,614,1035,1422
male252.jpg,1500,2000,Male,449,572,1011,1374
male253.jpg,1500,2000,Male,439,558,1025,1366
male254.jpg,1500,2000,Male,461,558,1033,1370
male255.jpg,1280,720,Male,296,64,1018,575
male256.jpg,1280,720,Male,306,70,1013,577
male257.jpg,1280,720,Male,325,85,1033,587
male258.jpg,1280,720,Male,319,128,1031,624
male259.jpg,1280,720,Male,206,48,1001,642
male26.jpg,1500,2000,Male,437,616,1025,1434
male260.jpg,1280,720,Male,179,53,968,634
male261.jpg,1280,720,Male,203,110,997,697
male262.jpg,1280,720,Male,251,71,1056,658
male263.jpg,1280,720,Male,306,151,1037,661
male264.jpg,1280,720,Male,284,147,1001,661
male265.jpg,1280,720,Male,283,102,1020,626
male266.jpg,1280,720,Male,351,174,1077,687
male267.jpg,1500,2000,Male,463,590,1087,1426
male268.jpg,1500,2000,Male,423,576,1051,1416
male269.jpg,1500,2000,Male,411,622,1057,1470
male27.jpg,1500,2000,Male,435,592,1023,1424
male270.jpg,1500,2000,Male,425,628,1059,1468
male271.jpg,1500,2000,Male,473,596,1131,1470
male272.jpg,1500,2000,Male,421,610,1069,1484
male273.jpg,1500,2000,Male,449,606,1103,1494
male274.jpg,1500,2000,Male,461,642,1119,1510
male275.jpg,1500,2000,Male,315,536,979,1390
male276.jpg,1500,2000,Male,361,524,1009,1372
male277.jpg,1500,2000,Male,401,546,1053,1402
male278.jpg,1500,2000,Male,365,544,1005,1394
male279.jpg,1280,720,Male,148,98,925,663
male28.jpg,1500,2000,Male,461,596,1051,1434
male280.jpg,1280,720,Male,258,51,1034,621
male281.jpg,1280,720,Male,244,53,1037,628
male282.jpg,1280,720,Male,208,84,990,660
male283.jpg,1280,720,Male,237,44,1065,660
male284.jpg,1280,720,Male,265,60,1087,676
male285.jpg,1280,720,Male,254,65,1076,680
male286.jpg,1280,720,Male,275,47,1088,650
male287.jpg,1280,720,Male,257,45,1056,638
male288.jpg,1280,720,Male,235,76,1030,670
male289.jpg,1280,720,Male,227,78,1033,678
male29.jpg,1500,2000,Male,425,582,1015,1430
male290.jpg,1280,720,Male,200,85,1022,694
male291.jpg,1500,2000,Male,481,516,1083,1378
male292.jpg,1500,2000,Male,479,484,1079,1342
male293.jpg,1500,2000,Male,455,492,1065,1356
male294.jpg,1500,2000,Male,429,508,1029,1366
male295.jpg,1500,2000,Male,429,620,1035,1488
male296.jpg,1500,2000,Male,473,584,1063,1434
male297.jpg,1500,2000,Male,441,616,1043,1480
male298.jpg,1500,2000,Male,467,642,1051,1478
male299.jpg,1500,2000,Male,439,546,1067,1434
male3.jpg,1500,2000,Male,419,560,1077,1520
male30.jpg,1500,2000,Male,427,564,1045,1442
male300.jpg,1500,2000,Male,409,544,1011,1406
male301.jpg,1500,2000,Male,421,512,1033,1386
male302.jpg,1500,2000,Male,441,530,1051,1412
male303.jpg,1280,720,Male,296,107,1004,596
male304.jpg,1280,720,Male,339,90,1044,580
male305.jpg,1280,720,Male,330,82,1037,569
male306.jpg,1280,720,Male,236,76,953,574
male307.jpg,1280,720,Male,303,185,972,655
male308.jpg,1280,720,Male,292,157,970,636
male309.jpg,1280,720,Male,301,163,977,633
male31.jpg,1500,2000,Male,435,616,1023,1460
male310.jpg,1280,720,Male,275,129,965,615
male311.jpg,1280,720,Male,184,97,905,603
male312.jpg,1280,720,Male,185,125,895,624
male313.jpg,1280,720,Male,179,151,888,648
male314.jpg,1280,720,Male,176,154,862,624
male32.jpg,1500,2000,Male,429,600,1037,1462
male33.jpg,1500,2000,Male,431,588,1029,1440
male34.jpg,1500,2000,Male,439,554,1047,1424
male35.jpg,1500,2000,Male,459,572,1071,1444
male36.jpg,1500,2000,Male,449,592,1065,1466
male37.jpg,1500,2000,Male,443,570,1063,1478
male38.jpg,1280,720,Male,233,106,1019,667
male388.jpg,1500,2000,Male,491,594,1063,1406
male389.jpg,1500,2000,Male,449,588,1025,1424
male39.jpg,1280,720,Male,239,96,1049,649
male390.jpg,1500,2000,Male,453,632,1047,1466
male391.jpg,1500,2000,Male,441,628,1025,1468
male392.jpg,1500,2000,Male,435,546,1073,1458
male393.jpg,1500,2000,Male,479,598,1117,1506
male394.jpg,1500,2000,Male,437,586,1075,1488
male395.jpg,1500,2000,Male,455,620,1089,1522
male396.jpg,1500,2000,Male,465,644,1065,1508
male397.jpg,1500,2000,Male,465,662,1073,1546
male398.jpg,1500,2000,Male,439,608,1057,1500
male399.jpg,1500,2000,Male,431,616,1061,1514
male4.jpg,1500,2000,Male,413,528,1083,1492
male40.jpg,1280,720,Male,242,81,1054,653
male400.jpg,1280,720,Male,330,114,1083,635
male401.jpg,1280,720,Male,406,119,1154,631
male402.jpg,1280,720,Male,373,129,1107,636
male403.jpg,1280,720,Male,281,119,1025,633
male404.jpg,1280,720,Male,319,83,1096,629
male405.jpg,1280,720,Male,296,77,1074,629
male406.jpg,1280,720,Male,296,56,1077,615
male407.jpg,1280,720,Male,307,89,1096,642
male408.jpg,1280,720,Male,183,91,1006,676
male409.jpg,1280,720,Male,174,76,1002,668
male41.jpg,1280,720,Male,236,56,1068,623
male410.jpg,1280,720,Male,175,92,988,669
male411.jpg,1280,720,Male,159,88,979,674
male412.jpg,1500,2000,Male,482,585,1047,1385
male413.jpg,1500,2000,Male,486,536,1051,1336
male414.jpg,1500,2000,Male,478,558,1049,1375
male415.jpg,1500,2000,Male,498,519,1061,1324
male416.jpg,1500,2000,Male,471,532,1033,1336
male417.jpg,1500,2000,Male,461,566,1043,1389
male418.jpg,1500,2000,Male,453,517,1035,1340
male419.jpg,1500,2000,Male,465,509,1057,1340
male42.jpg,1280,720,Male,221,80,1047,657
male420.jpg,1500,2000,Male,471,583,1045,1397
male421.jpg,1500,2000,Male,492,650,1022,1413
male422.jpg,1500,2000,Male,496,664,1043,1446
male423.jpg,1500,2000,Male,478,611,1045,1417
male424.jpg,1280,720,Male,339,119,980,562
male425.jpg,1280,720,Male,343,90,978,532
male426.jpg,1280,720,Male,271,129,917,580
male427.jpg,1280,720,Male,267,162,900,607
male428.jpg,1280,720,Male,235,113,964,638
male429.jpg,1280,720,Male,220,136,947,650
male43.jpg,1280,720,Male,256,84,1083,668
male430.jpg,1280,720,Male,162,131,902,652
male431.jpg,1280,720,Male,190,99,939,628
male432.jpg,1280,720,Male,286,112,1054,651
male433.jpg,1280,720,Male,193,136,956,672
male434.jpg,1280,720,Male,154,155,914,686
male435.jpg,1280,720,Male,212,141,957,667
male436.jpg,1500,2000,Male,451,575,1092,1483
male437.jpg,1500,2000,Male,451,522,1080,1436
male438.jpg,1500,2000,Male,463,534,1106,1448
male439.jpg,1500,2000,Male,469,564,1108,1493
male44.jpg,1280,720,Male,258,119,1081,697
male440.jpg,1500,2000,Male,443,587,1078,1477
male441.jpg,1500,2000,Male,475,593,1088,1466
male442.jpg,1500,2000,Male,467,562,1090,1450
male443.jpg,1500,2000,Male,492,593,1100,1471
male444.jpg,1500,2000,Male,461,558,1069,1422
male445.jpg,1500,2000,Male,455,601,1057,1464
male446.jpg,1500,2000,Male,506,613,1118,1479
male447.jpg,1500,2000,Male,500,560,1108,1426
male448.jpg,1280,720,Male,330,131,1053,629
male449.jpg,1280,720,Male,291,136,1015,630
male45.jpg,1280,720,Male,299,103,1104,661
male450.jpg,1280,720,Male,223,111,953,610
male451.jpg,1280,720,Male,231,117,959,616
male452.jpg,1280,720,Male,219,57,1048,639
male453.jpg,1280,720,Male,146,63,981,654
male454.jpg,1280,720,Male,131,46,976,642
male455.jpg,1280,720,Male,124,60,972,658
male456.jpg,1280,720,Male,235,87,1037,636
male457.jpg,1280,720,Male,175,92,983,657
male458.jpg,1280,720,Male,196,81,1023,665
male459.jpg,1280,720,Male,209,102,1034,682
male46.jpg,1280,720,Male,258,99,1054,652
male460.jpg,1500,2000,Male,445,558,1026,1440
male461.jpg,1500,2000,Male,461,581,1043,1460
male462.jpg,1500,2000,Male,463,628,1043,1522
male463.jpg,1500,2000,Male,445,566,1033,1466
male464.jpg,1500,2000,Male,453,593,1031,1479
male465.jpg,1500,2000,Male,439,607,1029,1509
male466.jpg,1500,2000,Male,441,575,1035,1485
male467.jpg,1500,2000,Male,457,640,1049,1542
male468.jpg,1500,2000,Male,478,566,1084,1493
male469.jpg,1500,2000,Male,441,568,1045,1497
male47.jpg,1280,720,Male,259,91,1060,652
male470.jpg,1500,2000,Male,439,581,1057,1519
male471.jpg,1500,2000,Male,439,619,1041,1534
male472.jpg,1280,720,Male,216,61,1063,621
male473.jpg,1280,720,Male,170,100,996,648
male474.jpg,1280,720,Male,116,97,972,650
male475.jpg,1280,720,Male,147,114,979,649
male476.jpg,1280,720,Male,232,72,1097,649
male477.jpg,1280,720,Male,218,28,1090,613
male478.jpg,1280,720,Male,192,45,1066,627
male479.jpg,1280,720,Male,47,60,875,617
male48.jpg,1280,720,Male,224,129,1027,684
male481.jpg,1280,720,Male,187,36,1065,613
male482.jpg,1280,720,Male,142,49,1032,636
male483.jpg,1280,720,Male,148,87,1015,658
male484.jpg,1280,720,Male,139,74,1018,660
male485.jpg,1500,2000,Male,426,638,975,1424
male486.jpg,1500,2000,Male,463,652,1020,1448
male487.jpg,1500,2000,Male,439,611,998,1403
male488.jpg,1500,2000,Male,410,619,967,1403
male489.jpg,1500,2000,Male,506,650,1102,1517
male49.jpg,1280,720,Male,265,107,1051,659
male490.jpg,1500,2000,Male,469,607,1073,1460
male491.jpg,1500,2000,Male,478,642,1061,1475
male492.jpg,1500,2000,Male,461,626,1053,1468
male493.jpg,1500,2000,Male,498,550,1100,1401
male494.jpg,1500,2000,Male,457,581,1053,1430
male495.jpg,1500,2000,Male,496,605,1092,1448
male496.jpg,1500,2000,Male,484,613,1071,1452
male497.jpg,1280,720,Male,223,101,972,626
male498.jpg,1280,720,Male,189,119,938,641
male499.jpg,1280,720,Male,208,119,960,652
male5.jpg,1500,2000,Male,426,568,1045,1460
male50.jpg,1500,2000,Male,471,558,1069,1442
male500.jpg,1280,720,Male,330,167,1106,697
male501.jpg,1280,720,Male,130,25,895,566
male502.jpg,1280,720,Male,185,37,957,588
male503.jpg,1280,720,Male,243,79,1013,627
male504.jpg,1280,720,Male,183,53,973,610
male505.jpg,1280,720,Male,203,104,909,600
male506.jpg,1280,720,Male,185,135,857,612
male507.jpg,1280,720,Male,218,114,904,584
male508.jpg,1280,720,Male,194,117,880,597
male509.jpg,1500,2000,Male,437,619,1047,1409
male51.jpg,1500,2000,Male,465,538,1108,1483
male510.jpg,1500,2000,Male,449,548,1075,1364
male511.jpg,1500,2000,Male,437,571,1047,1356
male512.jpg,1500,2000,Male,398,601,1018,1413
male513.jpg,1500,2000,Male,420,593,1055,1419
male514.jpg,1500,2000,Male,426,556,1059,1395
male515.jpg,1500,2000,Male,443,528,1053,1328
male516.jpg,1500,2000,Male,443,566,1051,1387
male517.jpg,1500,2000,Male,429,624,1071,1464
male518.jpg,1500,2000,Male,462,601,1102,1422
male519.jpg,1500,2000,Male,445,585,1088,1415
male52.jpg,1500,2000,Male,431,528,1078,1491
male520.jpg,1500,2000,Male,437,526,1073,1360
male521.jpg,1280,720,Male,381,134,1115,689
male522.jpg,1280,720,Male,381,150,1110,696
male523.jpg,1280,720,Male,380,150,1093,699
male524.jpg,1280,720,Male,355,77,1083,626
male525.jpg,1280,720,Male,353,71,1049,614
male526.jpg,1280,720,Male,372,45,1070,589
male527.jpg,1280,720,Male,385,83,1089,625
male528.jpg,1280,720,Male,326,100,1042,647
male529.jpg,1280,720,Male,235,61,1015,650
male53.jpg,1500,2000,Male,429,505,1090,1471
male530.jpg,1280,720,Male,252,53,1032,635
male531.jpg,1280,720,Male,259,73,1038,663
male532.jpg,1280,720,Male,249,25,1023,619
male533.jpg,1500,2000,Male,414,579,1020,1446
male534.jpg,1500,2000,Male,445,558,1049,1430
male535.jpg,1500,2000,Male,406,591,1004,1466
male536.jpg,1500,2000,Male,437,605,1037,1466
male537.jpg,1500,2000,Male,471,617,1084,1507
male538.jpg,1500,2000,Male,478,622,1086,1505
male539.jpg,1500,2000,Male,475,640,1078,1511
male54.jpg,1500,2000,Male,418,489,1098,1491
male540.jpg,1500,2000,Male,459,628,1073,1534
male541.jpg,1500,2000,Male,453,617,1051,1481
male542.jpg,1500,2000,Male,449,617,1051,1483
male543.jpg,1500,2000,Male,471,613,1057,1454
male544.jpg,1500,2000,Male,480,619,1061,1446
male545.jpg,1280,720,Male,176,112,965,649
male546.jpg,1280,720,Male,123,18,929,563
male547.jpg,1280,720,Male,106,37,920,584
male548.jpg,1280,720,Male,108,36,922,584
male549.jpg,1280,720,Male,338,123,1168,692
male55.jpg,1500,2000,Male,431,558,1067,1475
male550.jpg,1280,720,Male,285,97,1121,670
male551.jpg,1280,720,Male,280,96,1107,671
male552.jpg,1280,720,Male,328,129,1143,693
male553.jpg,1280,720,Male,252,107,1055,648
male554.jpg,1280,720,Male,307,76,1094,619
male555.jpg,1280,720,Male,312,82,1102,625
male556.jpg,1280,720,Male,319,54,1119,596
male557.jpg,1500,2000,Male,484,593,1031,1379
male558.jpg,1500,2000,Male,486,595,1029,1377
male559.jpg,1500,2000,Male,498,562,1029,1342
male56.jpg,1500,2000,Male,426,548,1051,1460
male560.jpg,1500,2000,Male,500,568,1037,1348
male561.jpg,1500,2000,Male,443,677,1002,1501
male562.jpg,1500,2000,Male,447,686,1008,1503
male563.jpg,1500,2000,Male,449,693,1010,1507
male564.jpg,1500,2000,Male,443,524,1024,1364
male565.jpg,1500,2000,Male,449,528,1035,1375
male566.jpg,1500,2000,Male,467,522,1049,1362
male567.jpg,1500,2000,Male,463,522,1049,1368
male568.jpg,1280,720,Male,294,20,1155,607
male569.jpg,1280,720,Male,298,19,1152,609
male57.jpg,1500,2000,Male,443,587,1100,1524
male570.jpg,1280,720,Male,214,92,1009,630
male571.jpg,1280,720,Male,216,92,1001,630
male572.jpg,1280,720,Male,119,110,927,674
male573.jpg,1280,720,Male,123,121,923,679
male574.jpg,1280,720,Male,119,126,922,682
male575.jpg,1280,720,Male,122,125,922,689
male576.jpg,1280,720,Male,110,64,953,655
male577.jpg,1280,720,Male,124,68,947,643
male578.jpg,1280,720,Male,128,69,953,642
male579.jpg,1280,720,Male,133,73,951,643
male58.jpg,1500,2000,Male,424,568,1053,1481
male580.jpg,1500,2000,Male,506,660,1045,1385
male581.jpg,1500,2000,Male,506,662,1035,1375
male582.jpg,1500,2000,Male,512,660,1039,1373
male583.jpg,1500,2000,Male,512,658,1037,1375
male584.jpg,1500,2000,Male,484,581,1051,1368
male585.jpg,1500,2000,Male,478,587,1053,1373
male586.jpg,1500,2000,Male,490,593,1065,1383
male587.jpg,1500,2000,Male,478,577,1078,1401
male588.jpg,1500,2000,Male,482,579,1071,1371
male589.jpg,1500,2000,Male,461,564,1080,1401
male59.jpg,1500,2000,Male,422,613,1057,1548
male590.jpg,1500,2000,Male,486,583,1069,1385
male591.jpg,1500,2000,Male,488,585,1090,1387
male592.jpg,1280,720,Male,154,100,906,646
male593.jpg,1280,720,Male,161,106,906,646
male594.jpg,1280,720,Male,158,104,905,647
male595.jpg,1280,720,Male,172,131,901,655
male596.jpg,1280,720,Male,242,49,1055,638
male597.jpg,1280,720,Male,227,72,1068,679
male598.jpg,1280,720,Male,240,88,1068,690
male599.jpg,1280,720,Male,289,40,1154,664
male6.jpg,1500,2000,Male,406,587,1047,1515
male60.jpg,1500,2000,Male,439,595,1067,1519
male600.jpg,1280,720,Male,189,62,993,642
male601.jpg,1280,720,Male,196,82,996,665
male602.jpg,1280,720,Male,187,79,998,664
male603.jpg,1280,720,Male,176,75,996,673
male606.jpg,1500,2000,Male,445,605,986,1422
male607.jpg,1500,2000,Male,431,603,988,1424
male608.jpg,1500,2000,Male,453,622,1026,1501
male609.jpg,1500,2000,Male,443,624,1012,1481
male61.jpg,1500,2000,Male,449,603,1092,1534
male610.jpg,1500,2000,Male,435,619,1008,1489
male611.jpg,1500,2000,Male,433,634,996,1481
male612.jpg,1500,2000,Male,482,593,1041,1440
male613.jpg,1500,2000,Male,449,613,1004,1460
male614.jpg,1500,2000,Male,439,603,992,1446
male615.jpg,1500,2000,Male,451,628,1002,1471
male616.jpg,1500,2000,Male,426,595,971,1413
male617.jpg,1500,2000,Male,429,601,978,1411
male618.jpg,1280,720,Male,209,151,991,671
male619.jpg,1280,720,Male,207,149,986,677
male62.jpg,1500,2000,Male,431,568,1071,1517
male620.jpg,1280,720,Male,198,144,997,682
male621.jpg,1280,720,Male,202,155,982,674
male622.jpg,1280,720,Male,173,112,988,669
male623.jpg,1280,720,Male,182,115,993,672
male624.jpg,1280,720,Male,173,124,986,672
male625.jpg,1280,720,Male,178,127,988,678
male626.jpg,1280,720,Male,195,142,991,688
male627.jpg,1280,720,Male,231,66,1007,585
male628.jpg,1280,720,Male,230,88,1004,609
male629.jpg,1280,720,Male,188,77,1055,664
male63.jpg,1280,720,Male,160,91,1017,662
male630.jpg,1500,2000,Male,455,524,1031,1401
male631.jpg,1500,2000,Male,473,552,1043,1417
male632.jpg,1500,2000,Male,459,536,1039,1419
male633.jpg,1500,2000,Male,459,532,1047,1422
male634.jpg,1500,2000,Male,449,597,1057,1538
male635.jpg,1500,2000,Male,449,626,1022,1507
male636.jpg,1500,2000,Male,439,617,1031,1515
male637.jpg,1500,2000,Male,424,617,1008,1503
male638.jpg,1500,2000,Male,480,595,1016,1428
male639.jpg,1500,2000,Male,463,597,1002,1426
male64.jpg,1280,720,Male,148,105,988,676
male640.jpg,1500,2000,Male,465,581,1014,1428
male641.jpg,1500,2000,Male,463,583,1008,1430
male642.jpg,1280,720,Male,265,135,1081,673
male643.jpg,1280,720,Male,267,130,1083,673
male644.jpg,1280,720,Male,267,128,1081,673
male645.jpg,1280,720,Male,269,122,1079,665
male646.jpg,1280,720,Male,129,97,965,644
male647.jpg,1280,720,Male,128,99,963,641
male648.jpg,1280,720,Male,136,94,964,637
male649.jpg,1280,720,Male,140,89,965,634
male65.jpg,1280,720,Male,112,122,965,692
male650.jpg,1280,720,Male,77,94,972,698
male651.jpg,1280,720,Male,110,105,981,690
male652.jpg,1280,720,Male,111,105,977,688
male653.jpg,1280,720,Male,96,111,974,704
male654.jpg,1500,2000,Male,494,622,1031,1385
male655.jpg,1500,2000,Male,475,617,1004,1375
male656.jpg,1500,2000,Male,484,607,1022,1375
male657.jpg,1500,2000,Male,496,626,1024,1381
male658.jpg,1500,2000,Male,429,638,1002,1450
male659.jpg,1500,2000,Male,439,636,1008,1454
male66.jpg,1280,720,Male,176,56,1031,629
male660.jpg,1500,2000,Male,447,632,1018,1466
male661.jpg,1500,2000,Male,418,634,998,1450
male662.jpg,1500,2000,Male,457,632,1049,1468
male663.jpg,1500,2000,Male,437,652,1047,1501
male664.jpg,1500,2000,Male,441,664,1026,1489
male665.jpg,1500,2000,Male,429,677,1000,1489
male666.jpg,1280,720,Male,323,171,1005,659
male667.jpg,1280,720,Male,317,152,1003,638
male668.jpg,1280,720,Male,323,149,1000,636
male669.jpg,1280,720,Male,320,154,1003,643
male67.jpg,1280,720,Male,212,62,1067,644
male670.jpg,1280,720,Male,170,95,951,647
male671.jpg,1280,720,Male,170,94,948,642
male672.jpg,1280,720,Male,177,85,949,635
male673.jpg,1280,720,Male,175,89,948,644
male674.jpg,1280,720,Male,225,74,1038,671
male675.jpg,1280,720,Male,224,84,1037,682
male676.jpg,1280,720,Male,210,50,1020,639
male677.jpg,1280,720,Male,223,53,1022,648
male68.jpg,1280,720,Male,209,94,1062,683
male69.jpg,1280,720,Male,216,37,1065,623
male7.jpg,1500,2000,Male,437,579,1073,1499
male70.jpg,1280,720,Male,202,6,1056,587
male71.jpg,1280,720,Male,246,67,1144,676
male72.jpg,1280,720,Male,291,56,1181,658
male73.jpg,1280,720,Male,201,68,1100,683
male74.jpg,1280,720,Male,186,93,1092,703
male75.jpg,1500,2000,Male,441,605,1047,1466
male76.jpg,1500,2000,Male,463,597,1069,1473
male77.jpg,1500,2000,Male,453,617,1059,1487
male78.jpg,1500,2000,Male,461,597,1078,1473
male79.jpg,1500,2000,Male,449,601,1092,1519
male8.jpg,1500,2000,Male,382,589,1031,1526
male80.jpg,1500,2000,Male,422,595,1075,1544
male81.jpg,1500,2000,Male,422,560,1090,1517
male82.jpg,1500,2000,Male,426,599,1088,1550
male83.jpg,1500,2000,Male,435,579,1047,1430
male84.jpg,1500,2000,Male,429,589,1055,1485
male85.jpg,1500,2000,Male,445,587,1075,1479
male86.jpg,1500,2000,Male,453,556,1090,1454
male87.jpg,1280,720,Male,243,134,1004,661
male88.jpg,1280,720,Male,216,90,986,622
male89.jpg,1280,720,Male,224,126,992,658
male9.jpg,1500,2000,Male,465,593,1075,1454
male90.jpg,1280,720,Male,215,139,988,672
male91.jpg,1280,720,Male,187,69,1018,651
male92.jpg,1280,720,Male,251,80,1077,651
male93.jpg,1280,720,Male,192,85,1018,663
male94.jpg,1280,720,Male,216,93,1042,665
male95.jpg,1280,720,Male,281,80,1101,638
male96.jpg,1280,720,Male,325,123,1143,675
male97.jpg,1280,720,Male,336,121,1153,675
male98.jpg,1280,720,Male,330,84,1182,666
male99.jpg,1500,2000,Male,437,458,1071,1391
